Workbook

Sheet 7. SED2014
M1: CLUSTER CLASSIFICATION
M2: No | N2: Cluster ID | O2: Prediction ID | P2: Prediction
B3: 3 -328.986671 43.336835 646.287913 -37.669330 -117.807540 43.540165 -9.720484 -161.585490 -77.402054 | C3: SUMMARY | M3: 1 | N3: 4970 | O3: =LEFT(B3,1) -> 3 | P3: =IF(O3="1","conference",IF(O3="2","fashion",IF(O3="3","concert",IF(O3="4","non_event",IF(O3="5","sport",IF(O3="6","protest",IF(O3="7","other",IF(O3="8","exhibition",IF(O3="9","theater_dance"))))))))) -> concert
B4: 3 -27.823130 -6.461752 41.963190 34.640887 -12.847042 -7.456983 -20.315716 -10.899685 9.199573 | C4: conference | D4: fashion | E4: concert | F4: non_event | G4: sports | H4: protest | I4: other | J4: exhibition | K4: theater_danc | M4: 2 | N4: 3640 | O4: =LEFT(B4,1) -> 3 | P4: =IF(O4="1","conference",IF(O4="2","fashion",IF(O4="3","concert",IF(O4="4","non_event",IF(O4="5","sport",IF(O4="6","protest",IF(O4="7","other",IF(O4="8","exhibition",IF(O4="9","theater_dance"))))))))) -> concert
A5: Pre ID | B5: 3 -657.004611 -156.094310 754.721951 278.562932 54.380057 0.874561 48.035578 -285.804843 -37.679240 | C5: 1 | D5: 2 | E5: 3 | F5: 4 | G5: 5 | H5: 6 | I5: 7 | J5: 8 | K5: 9 | M5: 3 | N5: 4971 | O5: =LEFT(B5,1) -> 3 | P5: =IF(O5="1","conference",IF(O5="2","fashion",IF(O5="3","concert",IF(O5="4","non_event",IF(O5="5","sport",IF(O5="6","protest",IF(O5="7","other",IF(O5="8","exhibition",IF(O5="9","theater_dance"))))))))) -> concert
A6: No_records | B6: 3 -708.995422 130.683629 877.193418 634.765177 -116.707348 -7.643512 -254.412557 -368.378230 -186.510817 | C6: =COUNTIF($P$3:$P$17836,C4) -> 0 | D6: =COUNTIF($P$3:$P$17836,D4) -> 0 | E6: =COUNTIF($P$3:$P$17836,E4) -> 13685 | F6: =COUNTIF($P$3:$P$17836,F4) -> 4003 | G6: =COUNTIF($P$3:$P$17836,G4) -> 0 | H6: =COUNTIF($P$3:$P$17836,H4) -> 12 | I6: =COUNTIF($P$3:$P$17836,I4) -> 10 | J6: =COUNTIF($P$3:$P$17836,J4) -> 5 | K6: =COUNTIF($P$3:$P$17836,K4) -> 0 | M6: 4 | N6: 2306 | O6: =LEFT(B6,1) -> 3 | P6: =IF(O6="1","conference",IF(O6="2","fashion",IF(O6="3","concert",IF(O6="4","non_event",IF(O6="5","sport",IF(O6="6","protest",IF(O6="7","other",IF(O6="8","exhibition",IF(O6="9","theater_dance"))))))))) -> concert
B7: 3 -13587.555443 1706.394689 25774.937909 18070.334643 -8497.698893 -1467.751441 -6380.830863 -8996.608915 -6621.338345 | M7: 5 | N7: 3638 | O7: =LEFT(B7,1) -> 3 | P7: =IF(O7="1","conference",IF(O7="2","fashion",IF(O7="3","concert",IF(O7="4","non_event",IF(O7="5","sport",IF(O7="6","protest",IF(O7="7","other",IF(O7="8","exhibition",IF(O7="9","theater_dance"))))))))) -> concert
B8: 3 -971.782396 -373.844771 2523.911295 1323.809082 -587.636550 -615.252068 -1238.258147 -1151.492651 1090.512330 | M8: 6 | N8: 4969 | O8: =LEFT(B8,1) -> 3 | P8: =IF(O8="1","conference",IF(O8="2","fashion",IF(O8="3","concert",IF(O8="4","non_event",IF(O8="5","sport",IF(O8="6","protest",IF(O8="7","other",IF(O8="8","exhibition",IF(O8="9","theater_dance"))))))))) -> concert
B9: 3 -1893.826683 87.008671 4278.938361 603.828506 -284.454970 -67.522159 -579.187207 -1189.722398 -955.075235 | M9: 7 | N9: 2305 | O9: =LEFT(B9,1) -> 3 | P9: =IF(O9="1","conference",IF(O9="2","fashion",IF(O9="3","concert",IF(O9="4","non_event",IF(O9="5","sport",IF(O9="6","protest",IF(O9="7","other",IF(O9="8","exhibition",IF(O9="9","theater_dance"))))))))) -> concert
B10: 3 -17266.735197 5.890476 36007.739745 22871.687752 -12734.904263 -11285.126078 1248.199903 -18986.966631 139.859478 | M10: 8 | N10: 3639 | O10: =LEFT(B10,1) -> 3 | P10: =IF(O10="1","conference",IF(O10="2","fashion",IF(O10="3","concert",IF(O10="4","non_event",IF(O10="5","sport",IF(O10="6","protest",IF(O10="7","other",IF(O10="8","exhibition",IF(O10="9","theater_dance"))))))))) -> concert
B11: 3 -188.508438 40.731100 197.917587 131.714194 -46.609749 18.542558 -11.369205 -109.567051 -32.853121 | M11: 9 | N11: 2304 | O11: =LEFT(B11,1) -> 3 | P11: =IF(O11="1","conference",IF(O11="2","fashion",IF(O11="3","concert",IF(O11="4","non_event",IF(O11="5","sport",IF(O11="6","protest",IF(O11="7","other",IF(O11="8","exhibition",IF(O11="9","theater_dance"))))))))) -> concert
B12: 4 -1728.766187 -58.079852 2566.494006 3040.057949 -1033.900612 592.556207 -1322.073120 -1137.815989 -918.482932 | M12: 10 | N12: 2302 | O12: =LEFT(B12,1) -> 4 | P12: =IF(O12="1","conference",IF(O12="2","fashion",IF(O12="3","concert",IF(O12="4","non_event",IF(O12="5","sport",IF(O12="6","protest",IF(O12="7","other",IF(O12="8","exhibition",IF(O12="9","theater_dance"))))))))) -> non_event
B13: 3 -1306.424864 216.769216 2269.304141 1923.400875 -825.290228 -79.616075 -477.878899 -1091.006760 -629.266888 | M13: 11 | N13: 2301 | O13: =LEFT(B13,1) -> 3 | P13: =IF(O13="1","conference",IF(O13="2","fashion",IF(O13="3","concert",IF(O13="4","non_event",IF(O13="5","sport",IF(O13="6","protest",IF(O13="7","other",IF(O13="8","exhibition",IF(O13="9","theater_dance"))))))))) -> concert
B14: 3 -1618.564010 21.806678 2463.597397 1229.988939 -401.794079 -231.045179 195.780893 -1322.785955 -337.003779 | M14: 12 | N14: 2300 | O14: =LEFT(B14,1) -> 3 | P14: =IF(O14="1","conference",IF(O14="2","fashion",IF(O14="3","concert",IF(O14="4","non_event",IF(O14="5","sport",IF(O14="6","protest",IF(O14="7","other",IF(O14="8","exhibition",IF(O14="9","theater_dance"))))))))) -> concert
B15: 4 -4580.784728 906.204382 6835.199617 7019.454927 -1627.977314 -1955.861455 -3631.147802 -3808.217876 843.048595 | M15: 13 | N15: 3630 | O15: =LEFT(B15,1) -> 4 | P15: =IF(O15="1","conference",IF(O15="2","fashion",IF(O15="3","concert",IF(O15="4","non_event",IF(O15="5","sport",IF(O15="6","protest",IF(O15="7","other",IF(O15="8","exhibition",IF(O15="9","theater_dance"))))))))) -> non_event
B16: 4 -1478.990046 252.637800 940.245056 2320.219602 -509.179084 -35.905910 -410.738009 -672.381070 -405.917862 | M16: 14 | N16: 4961 | O16: =LEFT(B16,1) -> 4 | P16: =IF(O16="1","conference",IF(O16="2","fashion",IF(O16="3","concert",IF(O16="4","non_event",IF(O16="5","sport",IF(O16="6","protest",IF(O16="7","other",IF(O16="8","exhibition",IF(O16="9","theater_dance"))))))))) -> non_event
B17: 3 -46.727528 -9.894183 85.921440 15.315540 -1.215969 -5.270792 -25.484044 -20.953517 8.308436 | M17: 15 | N17: 3631 | O17: =LEFT(B17,1) -> 3 | P17: =IF(O17="1","conference",IF(O17="2","fashion",IF(O17="3","concert",IF(O17="4","non_event",IF(O17="5","sport",IF(O17="6","protest",IF(O17="7","other",IF(O17="8","exhibition",IF(O17="9","theater_dance"))))))))) -> concert
B18: 4 -4253.210841 -77.791841 3714.865275 4065.109108 -384.423385 142.095877 -1332.040573 -1185.492059 -689.152430 | M18: 16 | N18: 4962 | O18: =LEFT(B18,1) -> 4 | P18: =IF(O18="1","conference",IF(O18="2","fashion",IF(O18="3","concert",IF(O18="4","non_event",IF(O18="5","sport",IF(O18="6","protest",IF(O18="7","other",IF(O18="8","exhibition",IF(O18="9","theater_dance"))))))))) -> non_event
... B17836: 4 -475.770031 85.551625 514.472751 592.442884 -231.507852 -45.351033 -96.344052 -211.079152 -132.418281 | M17836: 17834 | N17836: 4957 | O17836: =LEFT(B17836,1) -> 4 | P17836: =IF(O17836="1","conference",IF(O17836="2","fashion",IF(O17836="3","concert",IF(O17836="4","non_event",IF(O17836="5","sport",IF(O17836="6","protest",IF(O17836="7","other",IF(O17836="8","exhibition",IF(O17836="9","theater_dance"))))))))) -> non_event

Sheet 4. Cross-validation
A1: EXP- F1 CROSS VALIDATION - NO_IMBALANCE RESOLVE
A2: Details
A3: _Exp base | B3: Max=3 | C3: Limit=10 | D3: 1metric (LIN) | F3: No replacement (concatinate)
A4: _ c=2^15
A5: Column1 | B5: Fold 0 (w/t visual) | C5: Fold 1 (w/t visual) | D5: Fold 2 (w/t visual) | E5: Fold 3 (w/t visual) | F5: Fold 4 (w/t visual) | G5: Fold 5 (w/t visual) | H5: Fold 6 (w/t visual) | I5: Fold 7 (w/t visual) | J5: Fold 8 (w/t visual) | K5: Fold 9 (w/t visual) | L5: Baseline (w/t visual, resampled) | M5: Your method (with visual)
A6: conference | B6: 0.26666667 | C6: 0.4 | D6: 0.5 | E6: 0.33333333 | F6: 0.125 | G6: 0 | H6: 0.13333333 | I6: 0.44444444 | J6: 0 | K6: 0.26666667 | L6: 0.5137 | M6: 0.3271
A7: fashion | B7: 0 | C7: 0 | D7: 0.4 | E7: 0 | F7: 0 | G7: 0.8 | H7: 0 | I7: 0 | J7: 0 | K7: 0 | L7: 0.1764 | M7: 0.2857
A8: concert | B8: 0.56737589 | C8: 0.57758621 | D8: 0.57207207 | E8: 0.55684455 | F8: 0.56470588 | G8: 0.58571429 | H8: 0.52300242 | I8: 0.529274 | J8: 0.51798561 | K8: 0.5177665 | L8: 0.5264 | M8: 0.6023
A9: non_event | B9: 0.94601128 | C9: 0.94358766 | D9: 0.94411943 | E9: 0.94251012 | F9: 0.94003634 | G9: 0.94517499 | H9: 0.93890675 | I9: 0.94010889 | J9: 0.94049055 | K9: 0.93804238 | L9: 0.9229 | M9: 0.9462
A10: sports | B10: 0.2 | C10: 0.3 | D10: 0.3 | E10: 0.1 | F10: 0.12903226 | G10: 0.21428571 | H10: 0.08 | I10: 0.23076923 | J10: 0.16666667 | K10: 0.21052632 | L10: 0.1495 | M10: 0.1803
A11: protest | B11: 0.58333333 | C11: 0.69565217 | D11: 0.75 | E11: 0.81081081 | F11: 0.77419355 | G11: 0.8125 | H11: 0.73684211 | I11: 0.75 | J11: 0.48 | K11: 0.68421053 | L11: 0.6457 | M11: 0.7152
A12: other | B12: 0.11764706 | C12: 0.10526316 | D12: 0.1 | E12: 0.083333333 | F12: 0.066666667 | G12: 0 | H12: 0.11764706 | I12: 0.2 | J12: 0 | K12: 0.11764706 | L12: 0.1119 | M12: 0.1527
A13: exhibition | B13: 0.27272727 | C13: 0.23809524 | D13: 0.068965517 | E13: 0.25 | F13: 0.12903226 | G13: 0.15384615 | H13: 0.11428571 | I13: 0.11111111 | J13: 0.19354839 | K13: 0.14285714 | L13: 0.215 | M13: 0.1928
A14: theater_dance | B14: 0.58823529 | C14: 0.74285714 | D14: 0.55172414 | E14: 0.68181818 | F14: 0.4137931 | G14: 0.80851064 | H14: 0.4 | I14: 0.47619048 | J14: 0.6 | K14: 0.71111111 | L14: 0.4 | M14: 0.5722
A15: AVERAGE | B15: =AVERAGE(B6:B14) -> 0.3935552 | C15: =AVERAGE(C6:C14) -> 0.4447824 | D15: =AVERAGE(D6:D14) -> 0.46520902 | E15: =AVERAGE(E6:E14) -> 0.41762781 | F15: =AVERAGE(F6:F14) -> 0.34916223 | G15: =AVERAGE(G6:G14) -> 0.48000353 | H15: =AVERAGE(H6:H14) -> 0.33822415 | I15: =AVERAGE(I6:I14) -> 0.4090998 | ... M15: =AVERAGE(M6:M14) -> 0.44161111
A19: Base- F1 CROSS VALIDATION - NO_IMBALANCE RESOLVE
A20: Details
A21: _Baseline
A22: _ c=2^15
A23: Column1 | B23: Fold 0 (w/t visual) | C23: Fold 1 (w/t visual) | D23: Fold 2 (w/t visual) | E23: Fold 3 (w/t visual) | F23: Fold 4 (w/t visual) | G23: Fold 5 (w/t visual) | H23: Fold 6 (w/t visual) | I23: Fold 7 (w/t visual) | J23: Fold 8 (w/t visual) | K23: Fold 9 (w/t visual)
A24: conference | B24: 0 | C24: 0 | D24: 0 | E24: 0 | F24: 0 | G24: 0 | H24: 0 | I24: 0 | J24: 0 | K24: 0
A25: fashion | B25: 0 | C25: 0 | D25: 0 | E25: 0 | F25: 0 | G25: 0 | H25: 0 | I25: 0 | J25: 0 | K25: 0
A26: concert | B26: 0.076576577 | C26: 0.053789731 | D26: 0.089686099 | E26: 0.066666667 | F26: 0.050343249 | G26: 0.087356322 | H26: 0.049627792 | I26: 0.063882064 | J26: 0.082125604 | K26: 0.087759815
A27: non_event | B27: 0.89090909 | C27: 0.89148379 | D27: 0.88649746 | E27: 0.89400363 | F27: 0.886953 | G27: 0.89488522 | H27: 0.89464178 | I27: 0.89455714 | J27: 0.89364279 | K27: 0.89457771
A28: sports | B28: 0 | C28: 0 | D28: 0 | E28: 0 | F28: 0 | G28: 0 | H28: 0 | I28: 0 | J28: 0 | K28: 0
A29: protest | B29: 0 | C29: 0 | D29: 0 | E29: 0 | F29: 0 | G29: 0 | H29: 0 | I29: 0 | J29: 0 | K29: 0
A30: other | B30: 0 | C30: 0 | D30: 0 | E30: 0 | F30: 0 | G30: 0 | H30: 0 | I30: 0 | J30: 0 | K30: 0
A31: exhibition | B31: 0.0625 | C31: 0 | D31: 0 | E31: 0 | F31: 0 | G31: 0 | H31: 0 | I31: 0.076923077 | J31: 0 | K31: 0
A32: theater_dance | B32: 0 | C32: 0 | D32: 0.057142857 | E32: 0 | F32: 0 | G32: 0 | H32: 0 | I32: 0 | J32: 0 | K32: 0
A33: AVERAGE | B33: =AVERAGE(B24:B32) -> 0.11444285 | C33: =AVERAGE(C24:C32) -> 0.10503039 | D33: =AVERAGE(D24:D32) -> 0.11481405 | E33: =AVERAGE(E24:E32) -> 0.10674114 | F33: =AVERAGE(F24:F32) -> 0.10414403 | G33: =AVERAGE(G24:G32) -> 0.10913795 | H33: =AVERAGE(H24:H32) -> 0.10491884 | I33: =AVERAGE(I24:I32) -> 0.11504025 | ... K33: =AVERAGE(K24:K32) -> 0.10914861
I35: =AVERAGE(B33:K33) -> 0.10918368
A38: Base- F1 CROSS VALIDATION - NO_IMBALANCE RESOLVE
A39: Details
A40: _Baseline
A41: _ c=130,000
A42: Column1 | B42: Fold 0 (w/t visual) | C42: Fold 1 (w/t visual) | D42: Fold 2 (w/t visual) | E42: Fold 3 (w/t visual) | F42: Fold 4 (w/t visual) | G42: Fold 5 (w/t visual) | H42: Fold 6 (w/t visual) | I42: Fold 7 (w/t visual) | J42: Fold 8 (w/t visual) | K42: Fold 9 (w/t visual)
A43: conference | B43: 0 | C43: 0 | D43: 0 | E43: 0 | F43: 0 | G43: 0 | H43: 0 | I43: 0 | J43: 0 | K43: 0
A44: fashion | B44: 0 | C44: 0 | D44: 0 | E44: 0 | F44: 0 | G44: 0 | H44: 0 | I44: 0 | J44: 0 | K44: 0
A45: concert | B45: 0.066964286 | C45: 0.10278373 | D45: 0.055555556 | E45: 0.074074074 | F45: 0.08137045 | G45: 0.063965885 | H45: 0.069868996 | I45: 0.079254079 | J45: 0.10191083 | K45: 0.082608696
A46: non_event | B46: 0.88409923 | C46: 0.88258117 | D46: 0.88208894 | E46: 0.88603989 | F46: 0.88109321 | G46: 0.87944422 | H46: 0.88204082 | I46: 0.89180991 | J46: 0.88256956 | K46: 0.88150112
A47: sports | B47: 0 | C47: 0 | D47: 0 | E47: 0 | F47: 0 | G47: 0 | H47: 0 | I47: 0 | J47: 0 | K47: 0
A48: protest | B48: 0 | C48: 0 | D48: 0 | E48: 0 | F48: 0 | G48: 0 | H48: 0 | I48: 0 | J48: 0 | K48: 0
A49: other | B49: 0 | C49: 0 | D49: 0 | E49: 0 | F49: 0 | G49: 0 | H49: 0 | I49: 0 | J49: 0 | K49: 0
A50: exhibition | B50: 0 | C50: 0 | D50: 0.048780488 | E50: 0.041666667 | F50: 0 | G50: 0 | H50: 0 | I50: 0 | J50: 0 | K50: 0.047619048
A51: theater_dance | B51: 0 | C51: 0 | D51: 0 | E51: 0 | F51: 0 | G51: 0 | H51: 0 | I51: 0 | J51: 0 | K51: 0
A52: AVERAGE | B52: =AVERAGE(B43:B51) -> 0.10567372 | C52: =AVERAGE(C43:C51) -> 0.10948499 | D52: =AVERAGE(D43:D51) -> 0.10960278 | E52: =AVERAGE(E43:E51) -> 0.11130896 | F52: =AVERAGE(F43:F51) -> 0.10694041 | G52: =AVERAGE(G43:G51) -> 0.10482334 | H52: =AVERAGE(H43:H51) -> 0.10576776 | I52: =AVERAGE(I43:I51) -> 0.107896 | ... K52: =AVERAGE(K43:K51) -> 0.11241432

Sheet 5. ReCrossValidation
A1: OBJECTIVE | E1: DO
A2: Prepare for ACIS | E2: Cross-validation in training set with and without YAGO enrichment
A4: Params
A5: _Linear
A6: _c=2^15
A8: WITH YAGO ENRICHMENT CLASSIFICATION RESULT
A9: _Measure: Lin | C9: _ Concatinate
A10: _Result limit: 10 | C10: _Link: virtual computer 3\ C:\PERSONAL_FILES\ForACIS2014\
A11: _Maxresult: 3
A12: Event | B12: Fold0 | C12: Fold1 | D12: Fold2 | E12: Fold3 | F12: Fold4
A13: conference | B13: 0.4137931 | C13: 0.42857143 | D13: 0.38461538 | E13: 0.28571429 | F13: 0.16666667
A14: concert | B14: 0.55841121 | C14: 0.53623188 | D14: 0.57562077 | E14: 0.55284553 | F14: 0.52340936
A15: theater_dance | B15: 0.53333333 | C15: 0.69230769 | D15: 0.73846154 | E15: 0.62295082 | F15: 0.58333333
A16: sports | B16: 0.125 | C16: 0.23809524 | D16: 0.28571429 | E16: 0.15384615 | F16: 0.29508197
A17: protest | B17: 0.77142857 | C17: 0.65753425 | D17: 0.73913043 | E17: 0.725 | F17: 0.7755102
A18: other | B18: 0.13043478 | C18: 0 | D18: 0.095238095 | E18: 0.046511628 | F18: 0.125
A19: non_event | B19: 0.94122408 | C19: 0.94236195 | D19: 0.94419215 | E19: 0.94136676 | F19: 0.94054817
A20: fashion | B20: 0.33333333 | C20: 0 | D20: 0.2 | E20: 0 | F20: 0
A21: exhibition | B21: 0.16901408 | C21: 0.19354839 | D21: 0.14492754 | E21: 0.18461538 | F21: 0.23376623
A22: AVERAGE | B22: =AVERAGE(Table6[Fold0]) -> 0.44177472 | C22: =AVERAGE(Table6[Fold1]) -> 0.40985009 | D22: =AVERAGE(Table6[Fold2]) -> 0.45643335 | E22: =AVERAGE(Table6[Fold3]) -> 0.39031673 | F22: =AVERAGE(Table6[Fold4]) -> 0.40481288
E24: =AVERAGE(Table6[[#Totals],[Fold0]:[Fold4]]) -> 0.42063756
F26: RUN 0 | G26: Netbeans version
A27: WITHOUT YAGO ENRICHMENT CLASSIFICATION RESULT
A28: Event | B28: Fold0 | C28: Fold1 | D28: Fold2 | E28: Fold3 | F28: Fold4
A29: conference | B29: 0 | C29: 0 | D29: 0 | E29: 0 | F29: 0
A30: concert | B30: 0.07184241 | C30: 0.057736721 | D30: 0.070093458 | E30: 0.060535506 | F30: 0.077953715
A31: theater_dance | B31: 0 | C31: 0 | D31: 0 | E31: 0.03030303 | F31: 0
A32: sports | B32: 0 | C32: 0 | D32: 0 | E32: 0 | F32: 0
A33: protest | B33: 0 | C33: 0 | D33: 0 | E33: 0 | F33: 0
A34: other | B34: 0 | C34: 0 | D34: 0 | E34: 0 | F34: 0
A35: non_event | B35: 0.89202825 | C35: 0.88976458 | D35: 0.89079532 | E35: 0.88747217 | F35: 0.89459895
A36: fashion | B36: 0 | C36: 0 | D36: 0 | E36: 0 | F36: 0
A37: exhibition | B37: 0 | C37: 0 | D37: 0 | E37: 0 | F37: 0.085714286
A38: AVERAGE | B38: =AVERAGE(Table68[Fold0]) -> 0.10709674 | C38: =AVERAGE(Table68[Fold1]) -> 0.10527792 | D38: =AVERAGE(Table68[Fold2]) -> 0.10676542 | E38: =AVERAGE(Table68[Fold3]) -> 0.10870119 | F38: =AVERAGE(Table68[Fold4]) -> 0.11758522
F43: RUN 1 | G43: File Pick
A44: WITHOUT YAGO ENRICHMENT CLASSIFICATION RESULT
A45: Event | B45: Fold0 | C45: Fold1 | D45: Fold2 | E45: Fold3 | F45: Fold4
A46: conference | B46: 0 | C46: 0 | D46: 0 | E46: 0 | F46: 0
A47: concert | B47: 0.091928251 | C47: 0.070921986 | D47: 0.048667439 | E47: 0.069306931 | F47: 0.075170843
A48: theater_dance | B48: 0 | C48: 0 | D48: 0 | E48: 0.027027027 | F48: 0
A49: sports | B49: 0 | C49: 0 | D49: 0 | E49: 0 | F49: 0
A50: protest | B50: 0 | C50: 0 | D50: 0 | E50: 0 | F50: 0
A51: other | B51: 0 | C51: 0 | D51: 0 | E51: 0 | F51: 0
A52: non_event | B52: 0.89165402 | C52: 0.88947262 | D52: 0.89090726 | E52: 0.89650322 | F52: 0.88724547
A53: fashion | B53: 0 | C53: 0 | D53: 0 | E53: 0 | F53: 0
A54: exhibition | B54: 0 | C54: 0 | D54: 0.029850746 | E54: 0 | F54: 0
A55: AVERAGE | B55: =AVERAGE(Table689[Fold0]) -> 0.10928692 | C55: =AVERAGE(Table689[Fold1]) -> 0.10671051 | D55: =AVERAGE(Table689[Fold2]) -> 0.10771394 | E55: =AVERAGE(Table689[Fold3]) -> 0.11031524 | F55: =AVERAGE(Table689[Fold4]) -> 0.10693515
F60: RUN 2 | G60: KSE
A61: WITHOUT YAGO ENRICHMENT CLASSIFICATION RESULT
A62: Event | B62: Fold0 | C62: Fold1 | D62: Fold2 | E62: Fold3 | F62: Fold4
A63: conference | B63: 0 | C63: 0 | D63: 0 | E63: 0 | F63: 0
A64: concert | B64: 0.088535755 | C64: 0.064285714 | D64: 0.08056872 | E64: 0.060324826 | F64: 0.073199528
A65: theater_dance | B65: 0 | C65: 0 | D65: 0 | E65: 0.028985507 | F65: 0
A66: sports | B66: 0 | C66: 0 | D66: 0 | E66: 0 | F66: 0
A67: protest | B67: 0 | C67: 0 | D67: 0 | E67: 0 | F67: 0
A68: other | B68: 0 | C68: 0 | D68: 0 | E68: 0 | F68: 0
A69: non_event | B69: 0.89176613 | C69: 0.89052568 | D69: 0.89328223 | E69: 0.88805744 | F69: 0.89371981
A70: fashion | B70: 0 | C70: 0 | D70: 0 | E70: 0 | F70: 0
A71: exhibition | B71: 0.038461538 | C71: 0.026315789 | D71: 0 | E71: 0 | F71: 0.034482759
A72: AVERAGE | B72: =AVERAGE(Table68910[Fold0]) -> 0.11319594 | C72: =AVERAGE(Table68910[Fold1]) -> 0.10901413 | D72: =AVERAGE(Table68910[Fold2]) -> 0.10820566 | E72: =AVERAGE(Table68910[Fold3]) -> 0.10859642 | F72: =AVERAGE(Table68910[Fold4]) -> 0.1112669
F76: RUN 3 | G76: Omited
F78: RUN 4 | G78: Fixed | H78: static Map<String,String> fullData = new LinkedHashMap<>();
A79: WITHOUT YAGO ENRICHMENT CLASSIFICATION RESULT | H79: static Map<String,List<WordProcessResultContainer>> nlpProcessResult = new LinkedHashMap<>();
A80: Event | B80: Fold0 | C80: Fold1 | D80: Fold2 | E80: Fold3 | F80: Fold4
A81: conference | B81: 0.34782609 | C81: 0.38709677 | D81: 0.33333333 | E81: 0.25641026 | F81: 0.38095238
A82: concert | B82: 0.59064994 | C82: 0.56467942 | D82: 0.53579677 | E82: 0.52152522 | F82: 0.55582524
A83: theater_dance | B83: 0.68493151 | C83: 0.59259259 | D83: 0.63157895 | E83: 0.6779661 | F83: 0.51612903
A84: sports | B84: 0.13793103 | C84: 0.3255814 | D84: 0.083333333 | E84: 0.21052632 | F84: 0.27692308
A85: protest | B85: 0.75675676 | C85: 0.65671642 | D85: 0.73846154 | E85: 0.71875 | F85: 0.72
A86: other | B86: 0.12244898 | C86: 0.043478261 | D86: 0.097560976 | E86: 0.15686275 | F86: 0
A87: non_event | B87: 0.94483247 | C87: 0.94111685 | D87: 0.94082004 | E87: 0.94080934 | F87: 0.94250327
A88: fashion | B88: 0.2 | C88: 0 | D88: 0 | E88: 0.16666667 | F88: 0.2
A89: exhibition | B89: 0.16949153 | C89: 0.14705882 | D89: 0.17910448 | E89: 0.25352113 | F89: 0.16666667
A90: AVERAGE | B90: =AVERAGE(Table6891011[Fold0]) -> 0.43942981 | C90: =AVERAGE(Table6891011[Fold1]) -> 0.40648006 | D90: =AVERAGE(Table6891011[Fold2]) -> 0.39333216 | E90: =AVERAGE(Table6891011[Fold3]) -> 0.43367086 | F90: =AVERAGE(Table6891011[Fold4]) -> 0.41766663
A92: =AVERAGE(Table6891011[[#Totals],[Fold0]:[Fold4]]) -> 0.4181159
A99: SUMMARY
A100: With YAGO | B100: Fold0 | C100: Fold1 | D100: Fold2 | E100: Fold3 | F100: Fold4
A101: No | B101: =AVERAGE(Table6891011[Fold0]) -> 0.43942981 | C101: =AVERAGE(Table6891011[Fold1]) -> 0.40648006 | D101: =AVERAGE(Table6891011[Fold2]) -> 0.39333216 | E101: =AVERAGE(Table6891011[Fold3]) -> 0.43367086 | F101: =AVERAGE(Table6891011[Fold4]) -> 0.41766663
A102: Yes | B102: =AVERAGE(Table6[Fold0]) -> 0.44177472 | C102: =AVERAGE(Table6[Fold1]) -> 0.40985009 | D102: =AVERAGE(Table6[Fold2]) -> 0.45643335 | E102: =AVERAGE(Table6[Fold3]) -> 0.39031673 | F102: =AVERAGE(Table6[Fold4]) -> 0.40481288

Sheet 6. For thesis
A2: c | B2: 0.01 | C2: 1.00 | D2: 100.00 | E2: 500.00 | F2: 1,000.00 | G2: 2,000.00 | H2: 3,000.00 | I2: 5,000.00 | J2: 7,000.00 | K2: 10,000.00 | L2: 20,000.00 | M2: 32,768.00 | N2: 50,000.00 | O2: 100,000.00 | P2: 130,000.00 | Q2: 150,000.00 | R2: 200,000.00 | S2: 400,000.00 | T2: 700,000.00
A3: theater_dance | B3: 0 | C3: 0 | D3: 0 | E3: 2 | F3: 3 | G3: 10 | H3: 15 | I3: 27 | J3: 40 | K3: 52 | L3: 62 | N3: 57 | O3: 53 | P3: 56 | Q3: 53 | R3: 54 | S3: 55 | T3: 53
A4: theater_dance | B4: 29291 | C4: 29291 | D4: 29291 | E4: 29289 | F4: 29286 | G4: 29274 | H4: 29264 | I4: 29239 | J4: 29224 | K4: 29209 | L4: 29192 | N4: 29192 | O4: 29173 | P4: 29177 | Q4: 29173 | R4: 29172 | S4: 29183 | T4: 29188
A5: theater_dance | B5: 120 | C5: 120 | D5: 120 | E5: 118 | F5: 117 | G5: 110 | H5: 105 | I5: 93 | J5: 80 | K5: 68 | L5: 58 | N5: 63 | O5: 67 | P5: 64 | Q5: 67 | R5: 66 | S5: 65 | T5: 67
A6: theater_dance | B6: 0 | C6: 0 | D6: 0 | E6: 2 | F6: 5 | G6: 17 | H6: 27 | I6: 52 | J6: 67 | K6: 82 | L6: 99 | N6: 99 | O6: 118 | P6: 114 | Q6: 118 | R6: 119 | S6: 108 | T6: 103
A7: theater_dance | B7: 0 | C7: 0 | D7: 0 | E7: 0.016666667 | F7: 0.025 | G7: 0.083333333 | H7: 0.125 | I7: 0.225 | J7: 0.33333333 | K7: 0.43333333 | L7: 0.51666667 | N7: 0.475 | O7: 0.44166667 | P7: 0.46666667 | Q7: 0.44166667 | R7: 0.45 | S7: 0.45833333 | T7: 0.44166667
A8: theater_dance | B8: NaN | C8: NaN | D8: NaN | E8: 0.5 | F8: 0.375 | G8: 0.37037037 | H8: 0.35714286 | I8: 0.34177215 | J8: 0.37383178 | K8: 0.3880597 | L8: 0.38509317 | N8: 0.36538462 | O8: 0.30994152 | P8: 0.32941176 | Q8: 0.30994152 | R8: 0.31213873 | S8: 0.33742331 | T8: 0.33974359
A9: theater_dance | B9: 0 | C9: 0 | D9: 0 | E9: 0.032258065 | F9: 0.046875 | G9: 0.13605442 | H9: 0.18518519 | I9: 0.27135678 | J9: 0.35242291 | K9: 0.40944882 | L9: 0.44128114 | M9: 0.4 | N9: 0.41304348 | O9: 0.36426117 | P9: 0.3862069 | Q9: 0.36426117 | R9: 0.36860068 | S9: 0.38869258 | T9: 0.38405797
A10: theater_dance | B10: 0.99591989 | C10: 0.99591989 | D10: 0.99591989 | E10: 0.99591989 | F10: 0.99585189 | G10: 0.99568189 | H10: 0.99551188 | I10: 0.99506987 | J10: 0.99500187 | K10: 0.99489987 | L10: 0.99466186 | N10: 0.99449186 | O10: 0.99370984 | P10: 0.99394784 | Q10: 0.99370984 | R10: 0.99370984 | S10: 0.99411785 | T10: 0.99421985
A13: concert | B13: 0 | C13: 0 | D13: 0 | E13: 39 | F13: 127 | G13: 231 | H13: 287 | I13: 410 | J13: 481 | K13: 541 | L13: 625 | N13: 737 | O13: 825 | P13: 805 | Q13: 825 | R13: 800 | S13: 820 | T13: 781
A14: concert | B14: 27522 | C14: 27522 | D14: 27522 | E14: 27514 | F14: 27484 | G14: 27453 | H14: 27433 | I14: 27385 | J14: 27364 | K14: 27331 | L14: 27261 | N14: 27134 | O14: 26814 | P14: 26969 | Q14: 26814 | R14: 26915 | S14: 26848 | T14: 26794
A15: concert | B15: 1889 | C15: 1889 | D15: 1889 | E15: 1850 | F15: 1762 | G15: 1658 | H15: 1602 | I15: 1479 | J15: 1408 | K15: 1348 | L15: 1264 | N15: 1152 | O15: 1064 | P15: 1084 | Q15: 1064 | R15: 1089 | S15: 1069 | T15: 1108
A16: concert | B16: 0 | C16: 0 | D16: 0 | E16: 8 | F16: 38 | G16: 69 | H16: 89 | I16: 137 | J16: 158 | K16: 191 | L16: 261 | N16: 388 | O16: 708 | P16: 553 | Q16: 708 | R16: 607 | S16: 674 | T16: 728
A17: concert | B17: 0 | C17: 0 | D17: 0 | E17: 0.020645844 | F17: 0.067231339 | G17: 0.12228692 | H17: 0.15193224 | I17: 0.21704606 | J17: 0.25463208 | K17: 0.28639492 | L17: 0.33086289 | N17: 0.39015352 | O17: 0.43673902 | P17: 0.4261514 | Q17: 0.43673902 | R17: 0.4235045 | S17: 0.43409211 | T17: 0.41344627
A18: concert | B18: NaN | C18: NaN | D18: NaN | E18: 0.82978723 | F18: 0.76969697 | G18: 0.77 | H18: 0.76329787 | I18: 0.74954296 | J18: 0.75273865 | K18: 0.73907104 | L18: 0.70541761 | N18: 0.65511111 | O18: 0.53816047 | P18: 0.59278351 | Q18: 0.53816047 | R18: 0.56858564 | S18: 0.54886212 | T18: 0.5175613
A19: concert | B19: 0 | C19: 0 | D19: 0 | E19: 0.040289256 | F19: 0.12366115 | G19: 0.21105528 | H19: 0.25342163 | I19: 0.33661741 | J19: 0.38053797 | K19: 0.41281953 | L19: 0.45045045 | M19: 0.5264 | N19: 0.48905109 | O19: 0.48217417 | P19: 0.49584232 | Q19: 0.48217417 | R19: 0.48543689 | S19: 0.48477683 | T19: 0.45968217
A20: concert | B20: 0.93577233 | C20: 0.93577233 | D20: 0.93577233 | E20: 0.93682636 | F20: 0.93879841 | G20: 0.94128047 | H20: 0.94250451 | I20: 0.94505457 | J20: 0.94675462 | K20: 0.94767264 | L20: 0.94814865 | N20: 0.94763864 | O20: 0.93975043 | P20: 0.94434055 | Q20: 0.93975043 | R20: 0.9423345 | S20: 0.94073646 | T20: 0.93757438
A23: conference | B23: 0 | C23: 0 | D23: 0 | E23: 0 | F23: 0 | G23: 0 | H23: 0 | I23: 0 | J23: 0 | K23: 0 | L23: 2 | N23: 9 | O23: 12 | P23: 13 | Q23: 12 | R23: 12 | S23: 12 | T23: 11
A24: conference | B24: 29299 | C24: 29299 | D24: 29299 | E24: 29299 | F24: 29299 | G24: 29299 | H24: 29299 | I24: 29299 | J24: 29299 | K24: 29297 | L24: 29296 | N24: 29291 | O24: 29293 | P24: 29292 | Q24: 29293 | R24: 29293 | S24: 29293 | T24: 29289
A25: conference | B25: 112 | C25: 112 | D25: 112 | E25: 112 | F25: 112 | G25: 112 | H25: 112 | I25: 112 | J25: 112 | K25: 112 | L25: 110 | N25: 103 | O25: 100 | P25: 99 | Q25: 100 | R25: 100 | S25: 100 | T25: 101
A26: conference | B26: 0 | C26: 0 | D26: 0 | E26: 0 | F26: 0 | G26: 0 | H26: 0 | I26: 0 | J26: 0 | K26: 2 | L26: 3 | N26: 8 | O26: 6 | P26: 7 | Q26: 6 | R26: 6 | S26: 6 | T26: 10
A27: conference | B27: 0 | C27: 0 | D27: 0 | E27: 0 | F27: 0 | G27: 0 | H27: 0 | I27: 0 | J27: 0 | K27: 0 | L27: 0.017857143 | N27: 0.080357143 | O27: 0.10714286 | P27: 0.11607143 | Q27: 0.10714286 | R27: 0.10714286 | S27: 0.10714286 | T27: 0.098214286
A28: conference | B28: NaN | C28: NaN | D28: NaN | E28: NaN | F28: NaN | G28: NaN | H28: NaN | I28: NaN | J28: NaN | K28: 0 | L28: 0.4 | N28: 0.52941176 | O28: 0.66666667 | P28: 0.65 | Q28: 0.66666667 | R28: 0.66666667 | S28: 0.66666667 | T28: 0.52380952
A29: conference | B29: 0 | C29: 0 | D29: 0 | E29: 0 | F29: 0 | G29: 0 | H29: 0 | I29: 0 | J29: 0 | K29: 0 | L29: 0.034188034 | M29: 0.5137 | N29: 0.13953488 | O29: 0.18461538 | P29: 0.1969697 | Q29: 0.18461538 | R29: 0.18461538 | S29: 0.18461538 | T29: 0.16541353
A30: conference | B30: 0.9961919 | C30: 0.9961919 | D30: 0.9961919 | E30: 0.9961919 | F30: 0.9961919 | G30: 0.9961919 | H30: 0.9961919 | I30: 0.9961919 | J30: 0.9961919 | K30: 0.9961239 | L30: 0.9961579 | N30: 0.9962259 | O30: 0.99639591 | P30: 0.99639591 | Q30: 0.99639591 | R30: 0.99639591 | S30: 0.99639591 | T30: 0.9962259
A33: exhibition | B33: 0 | C33: 0 | D33: 0 | E33: 0 | F33: 0 | G33: 0 | H33: 0 | I33: 0 | J33: 0 | K33: 0 | L33: 0 | N33: 3 | O33: 27 | P33: 18 | Q33: 27 | R33: 27 | S33: 27 | T33: 22
A34: exhibition | B34: 29274 | C34: 29274 | D34: 29274 | E34: 29274 | F34: 29274 | G34: 29274 | H34: 29274 | I34: 29274 | J34: 29272 | K34: 29267 | L34: 29261 | N34: 29232 | O34: 29157 | P34: 29204 | Q34: 29157 | R34: 29194 | S34: 29176 | T34: 29144
A35: exhibition | B35: 137 | C35: 137 | D35: 137 | E35: 137 | F35: 137 | G35: 137 | H35: 137 | I35: 137 | J35: 137 | K35: 137 | L35: 137 | N35: 134 | O35: 110 | P35: 119 | Q35: 110 | R35: 110 | S35: 110 | T35: 115
A36: exhibition | B36: 0 | C36: 0 | D36: 0 | E36: 0 | F36: 0 | G36: 0 | H36: 0 | I36: 0 | J36: 2 | K36: 7 | L36: 13 | N36: 42 | O36: 117 | P36: 70 | Q36: 117 | R36: 80 | S36: 98 | T36: 130
A37: exhibition | B37: 0 | C37: 0 | D37: 0 | E37: 0 | F37: 0 | G37: 0 | H37: 0 | I37: 0 | J37: 0 | K37: 0 | L37: 0 | N37: 0.02189781 | O37: 0.19708029 | P37: 0.13138686 | Q37: 0.19708029 | R37: 0.19708029 | S37: 0.19708029 | T37: 0.16058394
A38: exhibition | B38: NaN | C38: NaN | D38: NaN | E38: NaN | F38: NaN | G38: NaN | H38: NaN | I38: NaN | J38: 0 | K38: 0 | L38: 0 | N38: 0.066666667 | O38: 0.1875 | P38: 0.20454545 | Q38: 0.1875 | R38: 0.25233645 | S38: 0.216 | T38: 0.14473684
A39: exhibition | B39: 0 | C39: 0 | D39: 0 | E39: 0 | F39: 0 | G39: 0 | H39: 0 | I39: 0 | J39: 0 | K39: 0 | L39: 0 | M39: 0.215 | N39: 0.032967033 | O39: 0.19217082 | P39: 0.16 | Q39: 0.19217082 | R39: 0.22131148 | S39: 0.20610687 | T39: 0.15224913
A40: exhibition | B40: 0.99534188 | C40: 0.99534188 | D40: 0.99534188 | E40: 0.99534188 | F40: 0.99534188 | G40: 0.99534188 | H40: 0.99534188 | I40: 0.99534188 | J40: 0.99527388 | K40: 0.99510387 | L40: 0.99489987 | N40: 0.99401584 | O40: 0.9922818 | P40: 0.99357383 | Q40: 0.9922818 | R40: 0.99353983 | S40: 0.99292782 | T40: 0.99166978
A43: fashion | B43: 0 | C43: 0 | D43: 0 | E43: 0 | F43: 0 | G43: 0 | H43: 0 | I43: 0 | J43: 0 | K43: 1 | L43: 3 | N43: 5 | O43: 3 | P43: 3 | Q43: 3 | R43: 3 | S43: 3 | T43: 1
A44: fashion | B44: 29383 | C44: 29383 | D44: 29383 | E44: 29383 | F44: 29383 | G44: 29383 | H44: 29383 | I44: 29383 | J44: 29383 | K44: 29383 | L44: 29383 | N44: 29383 | O44: 29380 | P44: 29383 | Q44: 29380 | R44: 29383 | S44: 29382 | T44: 29382
A45: fashion | B45: 28 | C45: 28 | D45: 28 | E45: 28 | F45: 28 | G45: 28 | H45: 28 | I45: 28 | J45: 28 | K45: 27 | L45: 25 | N45: 23 | O45: 25 | P45: 25 | Q45: 25 | R45: 25 | S45: 25 | T45: 27
A46: fashion | B46: 0 | C46: 0 | D46: 0 | E46: 0 | F46: 0 | G46: 0 | H46: 0 | I46: 0 | J46: 0 | K46: 0 | L46: 0 | N46: 0 | O46: 3 | P46: 0 | Q46: 3 | R46: 0 | S46: 1 | T46: 1
A47: fashion | B47: 0.02 | C47: 0 | D47: 0 | E47: 0 | F47: 0 | G47: 0 | H47: 0 | I47: 0 | J47: 0 | K47: 0.035714286 | L47: 0.10714286 | N47: 0.17857143 | O47: 0.10714286 | P47: 0.10714286 | Q47: 0.10714286 | R47: 0.10714286 | S47: 0.10714286 | T47: 0.035714286
A48: fashion | B48: NaN | C48: NaN | D48: NaN | E48: NaN | F48: NaN | G48: NaN | H48: NaN | I48: NaN | J48: NaN | K48: 1 | L48: 1 | N48: 1 | O48: 0.5 | P48: 1 | Q48: 0.5 | R48: 1 | S48: 0.75 | T48: 0.5
A49: fashion | B49: 0 | C49: 0 | D49: 0 | E49: 0 | F49: 0 | G49: 0 | H49: 0 | I49: 0 | J49: 0 | K49: 0.068965517 | L49: 0.19354839 | M49: 0.1764 | N49: 0.3030303 | O49: 0.17647059 | P49: 0.19354839 | Q49: 0.17647059 | R49: 0.19354839 | S49: 0.1875 | T49: 0.066666667
A50: fashion | B50: 0.99904798 | C50: 0.99904798 | D50: 0.99904798 | E50: 0.99904798 | F50: 0.99904798 | G50: 0.99904798 | H50: 0.99904798 | I50: 0.99904798 | J50: 0.99904798 | K50: 0.99908198 | L50: 0.99914998 | N50: 0.99921798 | O50: 0.99904798 | P50: 0.99914998 | Q50: 0.99904798 | R50: 0.99914998 | S50: 0.99911598 | T50: 0.99904798
A53: non_event | B53: 26686 | C53: 26686 | D53: 26686 | E53: 26676 | F53: 26650 | G53: 26607 | H53: 26576 | I53: 26504 | J53: 26469 | K53: 26411 | L53: 26314 | N53: 26138 | O53: 25639 | P53: 25913 | Q53: 25639 | R53: 25824 | S53: 25737 | T53: 25601
A54: non_event | B54: 0 | C54: 0 | D54: 0 | E54: 42 | F54: 146 | G54: 271 | H54: 347 | I54: 508 | J54: 596 | K54: 681 | L54: 791 | N54: 917 | O54: 1072 | P54: 1023 | Q54: 1072 | R54: 1028 | S54: 1060 | T54: 1024
A55: non_event | B55: 0 | C55: 0 | D55: 0 | E55: 10 | F55: 36 | G55: 79 | H55: 110 | I55: 182 | J55: 217 | K55: 275 | L55: 372 | N55: 548 | O55: 1047 | P55: 773 | Q55: 1047 | R55: 862 | S55: 949 | T55: 1085
A56: non_event | B56: 2725 | C56: 2725 | D56: 2725 | E56: 2683 | F56: 2579 | G56: 2454 | H56: 2378 | I56: 2217 | J56: 2129 | K56: 2044 | L56: 1934 | N56: 1808 | O56: 1653 | P56: 1702 | Q56: 1653 | R56: 1697 | S56: 1665 | T56: 1701
A57: non_event | B57: 1 | C57: 1 | D57: 1 | E57: 0.99962527 | F57: 0.99865098 | G57: 0.99703965 | H57: 0.99587799 | I57: 0.99317994 | J57: 0.9918684 | K57: 0.98969497 | L57: 0.98606011 | N57: 0.97946489 | O57: 0.96076594 | P57: 0.9710335 | Q57: 0.96076594 | R57: 0.96769842 | S57: 0.96443828 | T57: 0.95934198
A58: non_event | B58: 0.90734759 | C58: 0.90734759 | D58: 0.90734759 | E58: 0.90861405 | F58: 0.91176571 | G58: 0.91555693 | H58: 0.91786972 | I58: 0.92280909 | J58: 0.92555423 | K58: 0.92816728 | L58: 0.93153498 | N58: 0.9353038 | O58: 0.9394328 | P58: 0.93836683 | Q58: 0.9394328 | R58: 0.938338 | S58: 0.93923801 | T58: 0.93769687
A59: non_event | B59: 0.95142343 | C59: 0.95142343 | D59: 0.95142343 | E59: 0.95194933 | F59: 0.95323259 | G59: 0.95456258 | H59: 0.95528397 | I59: 0.95670222 | J59: 0.95756458 | K59: 0.95794418 | L59: 0.95802235 | M59: 0.9229 | N59: 0.95687509 | O59: 0.94997962 | P59: 0.95442073 | Q59: 0.94997962 | R59: 0.95279207 | S59: 0.95167135 | T59: 0.94839594
A60: non_event | B60: 0.90734759 | C60: 0.90734759 | D60: 0.90734759 | E60: 0.90843562 | F60: 0.91108769 | G60: 0.91387576 | H60: 0.9154058 | I60: 0.91843188 | J60: 0.92023393 | K60: 0.92115195 | L60: 0.92159396 | N60: 0.91989392 | O60: 0.90819761 | P60: 0.91584781 | Q60: 0.90819761 | R60: 0.91299174 | S60: 0.91112169 | T60: 0.90527354
A63: other | B63: 0 | C63: 0 | D63: 0 | E63: 0 | F63: 0 | G63: 0 | H63: 0 | I63: 0 | J63: 0 | K63: 0 | L63: 0 | N63: 0 | O63: 4 | P63: 4 | Q63: 4 | R63: 4 | S63: 4 | T63: 3
A64: other | B64: 29313 | C64: 29313 | D64: 29313 | E64: 29313 | F64: 29313 | G64: 29313 | H64: 29313 | I64: 29313 | J64: 29313 | K64: 29313 | L64: 29313 | N64: 29300 | O64: 29267 | P64: 29286 | Q64: 29267 | R64: 29282 | S64: 29272 | T64: 29252
A65: other | B65: 98 | C65: 98 | D65: 98 | E65: 98 | F65: 98 | G65: 98 | H65: 98 | I65: 98 | J65: 98 | K65: 98 | L65: 98 | N65: 98 | O65: 94 | P65: 94 | Q65: 94 | R65: 94 | S65: 94 | T65: 95
A66: other | B66: 0 | C66: 0 | D66: 0 | E66: 0 | F66: 0 | G66: 0 | H66: 0 | I66: 0 | J66: 0 | K66: 0 | L66: 0 | N66: 13 | O66: 46 | P66: 27 | Q66: 46 | R66: 31 | S66: 41 | T66: 61
A67: other | B67: 0 | C67: 0 | D67: 0 | E67: 0 | F67: 0 | G67: 0 | H67: 0 | I67: 0 | J67: 0 | K67: 0 | L67: 0 | N67: 0 | O67: 0.040816327 | P67: 0.040816327 | Q67: 0.040816327 | R67: 0.040816327 | S67: 0.040816327 | T67: 0.030612245
A68: other | B68: NaN | C68: NaN | D68: NaN | E68: NaN | F68: NaN | G68: NaN | H68: NaN | I68: NaN | J68: NaN | K68: NaN | L68: NaN | N68: 0 | O68: 0.08 | P68: 0.12903226 | Q68: 0.08 | R68: 0.11428571 | S68: 0.088888889 | T68: 0.046875
A69: other | B69: 0 | C69: 0 | D69: 0 | E69: 0 | F69: 0 | G69: 0 | H69: 0 | I69: 0 | J69: 0 | K69: 0 | L69: 0 | M69: 0.1119 | N69: 0 | O69: 0.054054054 | P69: 0.062015504 | Q69: 0.054054054 | R69: 0.060150376 | S69: 0.055944056 | T69: 0.037037037
B70: 0.99666791 | C70: 0.99666791 | D70: 0.99666791 | E70: 0.99666791 | F70: 0.99666791 | G70: 0.99666791 | H70: 0.99666791 | I70: 0.99666791 | J70: 0.99666791 | K70: 0.99666791 | L70: 0.99666791 | N70: 0.9962259 | O70: 0.99523988 | P70: 0.99588589 | Q70: 0.99523988 | R70: 0.99574989 | S70: 0.99540988 | T70: 0.99469586
A73: protest | B73: 0 | C73: 0 | D73: 0 | E73: 1 | F73: 8 | G73: 19 | H73: 34 | I73: 56 | J73: 58 | K73: 62 | L73: 68 | N73: 64 | O73: 63 | P73: 63 | Q73: 63 | R73: 60 | S73: 60 | T73: 66
A74: protest | B74: 29273 | C74: 29273 | D74: 29273 | E74: 29273 | F74: 29272 | G74: 29269 | H74: 29268 | I74: 29266 | J74: 29267 | K74: 29259 | L74: 29254 | N74: 29257 | O74: 29258 | P74: 29261 | Q74: 29258 | R74: 29262 | S74: 29260 | T74: 29256
A75: protest | B75: 138 | C75: 138 | D75: 138 | E75: 137 | F75: 130 | G75: 119 | H75: 104 | I75: 82 | J75: 80 | K75: 76 | L75: 70 | N75: 74 | O75: 75 | P75: 75 | Q75: 75 | R75: 78 | S75: 78 | T75: 72
A76: protest | B76: 0 | C76: 0 | D76: 0 | E76: 0 | F76: 1 | G76: 4 | H76: 5 | I76: 7 | J76: 6 | K76: 14 | L76: 19 | N76: 16 | O76: 15 | P76: 12 | Q76: 15 | R76: 11 | S76: 13 | T76: 17
A77: protest | B77: 0 | C77: 0 | D77: 0 | E77: 0.0072463768 | F77: 0.057971014 | G77: 0.13768116 | H77: 0.24637681 | I77: 0.4057971 | J77: 0.42028986 | K77: 0.44927536 | L77: 0.49275362 | N77: 0.46376812 | O77: 0.45652174 | P77: 0.45652174 | Q77: 0.45652174 | R77: 0.43478261 | S77: 0.43478261 | T77: 0.47826087
A78: protest | B78: NaN | C78: NaN | D78: NaN | E78: 1 | F78: 0.88888889 | G78: 0.82608696 | H78: 0.87179487 | I78: 0.88888889 | J78: 0.90625 | K78: 0.81578947 | L78: 0.7816092 | N78: 0.8 | O78: 0.80769231 | P78: 0.84 | Q78: 0.80769231 | R78: 0.84507042 | S78: 0.82191781 | T78: 0.79518072
A79: protest | B79: 0 | C79: 0 | D79: 0 | E79: 0.014388489 | F79: 0.10884354 | G79: 0.23602484 | H79: 0.38418079 | I79: 0.55721393 | J79: 0.57425743 | K79: 0.57943925 | L79: 0.60444444 | M79: 0.6457 | N79: 0.58715596 | O79: 0.58333333 | P79: 0.5915493 | Q79: 0.58333333 | R79: 0.57416268 | S79: 0.56872038 | T79: 0.59728507
A80: protest | B80: 0.99530788 | C80: 0.99530788 | D80: 0.99530788 | E80: 0.99534188 | F80: 0.99554588 | G80: 0.99581789 | H80: 0.9962939 | I80: 0.99697392 | J80: 0.99707592 | K80: 0.99693992 | L80: 0.99697392 | N80: 0.99693992 | O80: 0.99693992 | P80: 0.99704192 | Q80: 0.99693992 | R80: 0.99697392 | S80: 0.99690592 | T80: 0.99697392
A83: sports | B83: 0 | C83: 0 | D83: 0 | E83: 0 | F83: 0 | G83: 0 | H83: 0 | I83: 0 | J83: 0 | K83: 0 | L83: 2 | N83: 8 | O83: 17 | P83: 10 | Q83: 17 | R83: 12 | S83: 16 | T83: 14
A84: sports | B84: 29208 | C84: 29208 | D84: 29208 | E84: 29208 | F84: 29208 | G84: 29208 | H84: 29208 | I84: 29207 | J84: 29207 | K84: 29204 | L84: 29202 | N84: 29192 | O84: 29106 | P84: 29167 | Q84: 29106 | R84: 29144 | S84: 29137 | T84: 29100
A85: sports | B85: 203 | C85: 203 | D85: 203 | E85: 203 | F85: 203 | G85: 203 | H85: 203 | I85: 203 | J85: 203 | K85: 203 | L85: 201 | N85: 195 | O85: 186 | P85: 193 | Q85: 186 | R85: 191 | S85: 187 | T85: 189
A86: sports | B86: 0 | C86: 0 | D86: 0 | E86: 0 | F86: 0 | G86: 0 | H86: 0 | I86: 1 | J86: 1 | K86: 4 | L86: 6 | N86: 16 | O86: 102 | P86: 41 | Q86: 102 | R86: 64 | S86: 71 | T86: 108
A87: sports | B87: 0 | C87: 0 | D87: 0 | E87: 0 | F87: 0 | G87: 0 | H87: 0 | I87: 0 | J87: 0 | K87: 0 | L87: 0.0098522167 | N87: 0.039408867 | O87: 0.083743842 | P87: 0.049261084 | Q87: 0.083743842 | R87: 0.0591133 | S87: 0.078817734 | T87: 0.068965517
A88: sports | B88: NaN | C88: NaN | D88: NaN | E88: NaN | F88: NaN | G88: NaN | H88: NaN | I88: 0 | J88: 0 | K88: 0 | L88: 0.25 | N88: 0.33333333 | O88: 0.14285714 | P88: 0.19607843 | Q88: 0.14285714 | R88: 0.15789474 | S88: 0.18390805 | T88: 0.1147541
A89: sports | B89: 0 | C89: 0 | D89: 0 | E89: 0 | F89: 0 | G89: 0 | H89: 0 | I89: 0 | J89: 0 | K89: 0 | L89: 0.018957346 | M89: 0.1495 | N89: 0.070484581 | O89: 0.10559006 | P89: 0.078740157 | Q89: 0.10559006 | R89: 0.086021505 | S89: 0.11034483 | T89: 0.086153846
A90: sports | B90: 0.99309782 | C90: 0.99309782 | D90: 0.99309782 | E90: 0.99309782 | F90: 0.99309782 | G90: 0.99309782 | H90: 0.99309782 | I90: 0.99306382 | J90: 0.99306382 | K90: 0.99296182 | L90: 0.99296182 | N90: 0.99282581 | O90: 0.99020775 | P90: 0.99204379 | Q90: 0.99020775 | R90: 0.99132977 | S90: 0.99122777 | T90: 0.98990174
A91: AVERAGE | B91: =(B9+B19+B29+B39+B49+B59+B69+B79+B89)/9 -> 0.10571371 | C91: =(C9+C19+C29+C39+C49+C59+C69+C79+C89)/9 -> 0.10571371 | D91: =(D9+D19+D29+D39+D49+D59+D69+D79+D89)/9 -> 0.10571371 | E91: =(E9+E19+E29+E39+E49+E59+E69+E79+E89)/9 -> 0.11543168 | F91: =(F9+F19+F29+F39+F49+F59+F69+F79+F89)/9 -> 0.13695692 | G91: =(G9+G19+G29+G39+G49+G59+G69+G79+G89)/9 -> 0.17085524 | H91: =(H9+H19+H29+H39+H49+H59+H69+H79+H89)/9 -> 0.19756351 | I91: =(I9+I19+I29+I39+I49+I59+I69+I79+I89)/9 -> 0.23576559 | ... T91: =(T9+T19+T29+T39+T49+T59+T69+T79+T89)/9 -> 0.32188237

Sheet 6. For ACIS 2014
C1: BASELINE | F1: 7/28/2014 for ACIS 2014
D2: Changed in code
A3: MULTI CLASS | C3: Event | D3: F1 | F3: BIN CLASS | H3: F1
B4: 1 | C4: conference | D4: 0.11382114 | G4: event | H4: 0.43576765
C5: fashion | D5: 0.3030303 | G5: non_event | H5: 0.95718179
C6: concert | D6: 0.47622329
C7: non_event | D7: 0.95754433
C8: sports | D8: 0.070175439
C9: protest | D9: 0.59555556
C10: other | D10: 0
C11: exhibition | D11: 0.012269939
C12: theater_dance | D12: 0.42857143
C13: AVERAGE | D13: =AVERAGE(D4:D12) -> 0.32857682 | L13: =(D28-D13)/D13 -> 0.0094698671
C16: YAGO ENRICHMENT | F16: 7/29/2014 for ACIS 2014
D17: Changed in code
A18: MULTI CLASS | C18: Event | D18: F1
C19: conference | D19: 0.128
C20: fashion | D20: 0.3030303
C21: concert | D21: 0.48101266
C22: non_event | D22: 0.95771149
C23: sports | D23: 0.070484581
C24: protest | D24: 0.59821429
C25: other | D25: 0
C26: exhibition | D26: 0.012578616
C27: theater_dance | D27: 0.4341637
C28: AVERAGE | D28: =AVERAGE(D19:D27) -> 0.3316884

Sheet 1. Exp-based
B2: 2 CLASS CLASSIFICATION
L5: VM1 | U5: VM2
D8: EXP-BASED RESULT
A9: Run | B9: 1 | C9: 2 | D9: 3 | E9: 4 | F9: 5 | G9: 6 | H9: 7 | I9: 8 | J9: 9 | K9: 10 | L9: 11 | M9: 12 | N9: 13 | O9: 14 | P9: 15 | Q9: 16 | R9: 17 | S9: 18 | T9: 19 | U9: 20 | V9: 21 | W9: 22 | X9: 23 | Y9: 24 | Z9: 25
A10: Pre | B10: 0.74348624 | C10: 0.74678899 | D10: 0.73174312 | E10: 0.75155963 | F10: 0.72220183 | G10: 0.74458716 | H10: 0.77027523 | I10: 0.75779817 | J10: 0.72917431 | K10: 0.75082569 | L10: 0.75082569 | M10: 0.72807339 | N10: 0.76146789 | O10: 0.72990826 | P10: 0.74825688 | Q10: 0.73541284 | R10: 0.76623853 | S10: 0.75192661 | T10: 0.74201835 | U10: 0.73431193 | V10: 0.72550459 | W10: 0.73211009 | X10: 0.76440367 | Y10: 0.7346789 | Z10: 0.72183486
A11: Rec | B11: 0.35444367 | C11: 0.34691442 | D11: 0.3585686 | E11: 0.36279894 | F11: 0.34405594 | G11: 0.34337451 | H11: 0.35831342 | I11: 0.35347484 | J11: 0.34610695 | K11: 0.36071932 | L11: 0.35539343 | M11: 0.35071593 | N11: 0.35610091 | O11: 0.35385163 | P11: 0.3553503 | Q11: 0.35494155 | R11: 0.35710621 | S11: 0.35315408 | T11: 0.35825656 | U11: 0.35751295 | V11: 0.34080331 | W11: 0.35797596 | X11: 0.36194613 | Y11: 0.34222222 | Z11: 0.35238266
A12: F1 | B12: 0.48003791 | C12: 0.4737516 | D12: 0.48129375 | E12: 0.48936679 | F12: 0.4660746 | G12: 0.47000232 | H12: 0.48910637 | I12: 0.48208241 | J12: 0.46940704 | K12: 0.4873169 | L12: 0.48243339 | M12: 0.47339537 | N12: 0.4852666 | O12: 0.47663551 | P12: 0.48186222 | Q12: 0.47879584 | R12: 0.48716752 | S12: 0.48059106 | T12: 0.48321185 | U12: 0.48089402 | V12: 0.46375792 | W12: 0.48083876 | X12: 0.49127358 | Y12: 0.46693878 | Z12: 0.4735765
A13: ACC | B13: 0.85077012 | C13: 0.846282 | D13: 0.8538642 | E13: 0.85468022 | F13: 0.84669001 | G13: 0.84441195 | H13: 0.85090612 | I13: 0.84913808 | J13: 0.84726803 | K13: 0.85362619 | L13: 0.85073612 | M13: 0.8499201 | N13: 0.85032811 | O13: 0.85148414 | P13: 0.85090612 | Q13: 0.85165414 | R13: 0.85053211 | S13: 0.84941008 | T13: 0.85294618 | U13: 0.85311618 | V13: 0.84454796 | W13: 0.85352419 | X13: 0.85332019 | Y13: 0.84458196 | Z13: 0.85131413
D15: COMPARE TO BASELINE RESULT
A16: Run | B16: 1 | C16: 2 | D16: 3 | E16: 4 | F16: 5 | G16: 6 | H16: 7 | I16: 8 | J16: 9 | K16: 10 | L16: 11 | M16: 12 | N16: 13 | O16: 14 | P16: 15 | Q16: 16 | R16: 17 | S16: 18 | T16: 19 | U16: 20 | V16: 21 | W16: 22 | X16: 23 | Y16: 24 | Z16: 25
A17: Pre_exp | B17: 0.74348624 | C17: 0.74678899 | D17: 0.73174312 | E17: 0.75155963 | F17: 0.72220183 | G17: 0.74458716 | H17: 0.77027523 | I17: 0.75779817 | J17: 0.72917431 | K17: 0.75082569 | L17: 0.75082569 | M17: 0.72807339 | N17: 0.76146789 | O17: 0.72990826 | P17: 0.74825688 | Q17: 0.73541284 | R17: 0.76623853 | S17: 0.75192661 | T17: 0.74201835 | U17: 0.73431193 | V17: 0.72550459 | W17: 0.73211009 | X17: 0.76440367 | Y17: 0.7346789 | Z17: 0.72183486
A18: Rec_exp | B18: 0.35444367 | C18: 0.34691442 | D18: 0.3585686 | E18: 0.36279894 | F18: 0.34405594 | G18: 0.34337451 | H18: 0.35831342 | I18: 0.35347484 | J18: 0.34610695 | K18: 0.36071932 | L18: 0.35539343 | M18: 0.35071593 | N18: 0.35610091 | O18: 0.35385163 | P18: 0.3553503 | Q18: 0.35494155 | R18: 0.35710621 | S18: 0.35315408 | T18: 0.35825656 | U18: 0.35751295 | V18: 0.34080331 | W18: 0.35797596 | X18: 0.36194613 | Y18: 0.34222222 | Z18: 0.35238266
A19: F1_exp | B19: 0.48003791 | C19: 0.4737516 | D19: 0.48129375 | E19: 0.48936679 | F19: 0.4660746 | G19: 0.47000232 | H19: 0.48910637 | I19: 0.48208241 | J19: 0.46940704 | K19: 0.4873169 | L19: 0.48243339 | M19: 0.47339537 | N19: 0.4852666 | O19: 0.47663551 | P19: 0.48186222 | Q19: 0.47879584 | R19: 0.48716752 | S19: 0.48059106 | T19: 0.48321185 | U19: 0.48089402 | V19: 0.46375792 | W19: 0.48083876 | X19: 0.49127358 | Y19: 0.46693878 | Z19: 0.4735765 | AA19: =COUNTIF(B19:Z19,">0.4794") -> 15 | AB19: =15/25 -> 0.6
A20: ACC_exp | B20: 0.85077012 | C20: 0.846282 | D20: 0.8538642 | E20: 0.85468022 | F20: 0.84669001 | G20: 0.84441195 | H20: 0.85090612 | I20: 0.84913808 | J20: 0.84726803 | K20: 0.85362619 | L20: 0.85073612 | M20: 0.8499201 | N20: 0.85032811 | O20: 0.85148414 | P20: 0.85090612 | Q20: 0.85165414 | R20: 0.85053211 | S20: 0.84941008 | T20: 0.85294618 | U20: 0.85311618 | V20: 0.84454796 | W20: 0.85352419 | X20: 0.85332019 | Y20: 0.84458196 | Z20: 0.85131413 | AB20: =MAX(B19:Z19) -> 0.49127358
A21: Pvs_best | B21: 0.4794 | C21: 0.4794 | D21: 0.4794 | E21: 0.4794 | F21: 0.4794 | G21: 0.4794 | H21: 0.4794 | I21: 0.4794 | J21: 0.4794 | K21: 0.4794 | L21: 0.4794 | M21: 0.4794 | N21: 0.4794 | O21: 0.4794 | P21: 0.4794 | Q21: 0.4794 | R21: 0.4794 | S21: 0.4794 | T21: 0.4794 | U21: 0.4794 | V21: 0.4794 | W21: 0.4794 | X21: 0.4794 | Y21: 0.4794 | Z21: 0.4794
A22: Pre_bas | B22: 0.35302752 | C22: 0.056146789 | D22: 0.16513761 | E22: 0.25944954 | F22: 0.38238532 | G22: 0.16036697 | H22: 0.019449541 | I22: 0.13137615 | J22: 0.097614679 | K22: 0.10788991 | L22: 0.19559633 | M22: 0.019816514 | N22: 0.44183486 | O22: 0.5306422 | P22: 0.30972477 | Q22: 0.5706422 | R22: 0.45431193 | S22: 0.089541284 | T22: 0.095779817 | U22: 0.038165138 | V22: 0.43302752 | W22: 0.36733945 | X22: 0.5893578 | Y22: 0.030825688 | Z22: 0.21431193
A23: Rec_bas | B23: 0.084489724 | C23: 0.16122234 | D23: 0.077439339 | E23: 0.081208362 | F23: 0.13768499 | G23: 0.080806213 | H23: 0.31360947 | I23: 0.15364807 | J23: 0.14164004 | K23: 0.13738318 | L23: 0.14772727 | M23: 0.2 | N23: 0.073860499 | O23: 0.095552765 | P23: 0.067342217 | Q23: 0.087605634 | R23: 0.10813171 | S23: 0.062773347 | T23: 0.11035941 | U23: 0.2007722 | V23: 0.070599497 | W23: 0.10986719 | X23: 0.095794811 | Y23: 0.25609756 | Z23: 0.087793145
A24: F1_bas | B24: 0.13634753 | C24: 0.08328797 | D24: 0.1054358 | E24: 0.12369871 | F24: 0.2024677 | G24: 0.10746342 | H24: 0.036627505 | I24: 0.14164194 | J24: 0.1155768 | K24: 0.12086331 | L24: 0.16832465 | M24: 0.0360601 | N24: 0.12656365 | O24: 0.16194423 | P24: 0.11063049 | Q24: 0.15189255 | R24: 0.17468604 | S24: 0.073805203 | T24: 0.10255403 | U24: 0.064138144 | V24: 0.12140542 | W24: 0.16914498 | X24: 0.16480246 | Y24: 0.055027841 | Z24: 0.12456009
A25: ACC_bas | B25: 0.58563123 | C25: 0.88548502 | D25: 0.74036925 | E25: 0.65941314 | F25: 0.72088674 | G25: 0.75318758 | H25: 0.90520554 | I25: 0.85247016 | J25: 0.8615824 | K25: 0.85457822 | L25: 0.82091734 | M25: 0.90183945 | N25: 0.43497331 | O25: 0.49114277 | P25: 0.538608 | Q25: 0.40957465 | R25: 0.60225766 | S25: 0.79177859 | T25: 0.84468396 | U25: 0.89680732 | V25: 0.4192989 | W25: 0.66563531 | X25: 0.44653361 | Y25: 0.90190745 | Z25: 0.72088674
A68: NEW - RUN WITH FULL TEST SET
A69: C=2^5 | B69: NO REPLACEMENT
A71: Column1 | B71: New | C71: Baseline
A72: conference | B72: 0.128 | C72: 0.1764
A73: fashion | B73: 0.3030303 | C73: 0.5
A74: concert | B74: 0.48101266 | C74: 0.5264
A75: non_event | B75: 0.95771149 | C75: 0.9229
A76: sports | B76: 0.070484581 | C76: 0.1495
A77: protest | B77: 0.59821429 | C77: 0.6457
A78: other | B78: 0 | C78: 0.1119
A79: exhibition | B79: 0.012578616 | C79: 0.215
A80: theater_dance | B80: 0.4341637 | C80: 0.4
A81: AVERAGE | B81: =AVERAGE(B72:B80) -> 0.3316884 | C81: =AVERAGE(C72:C80) -> 0.40531111

Sheet 3. Baseline - F1
D1: F1 SCORES BY C | V1: Explain-based Wnet1
A2: C | C2: 0.01 | D2: 1 | E2: 100 | F2: 500 | G2: 1000 | H2: 2000 | I2: 3000 | J2: 5000 | K2: 7000 | L2: 10000 | M2: 20000 | N2: 32768 | O2: ='2. Baseline - Full'!N2 -> 50000 | P2: ='2. Baseline - Full'!O2 -> 100000 | Q2: ='2. Baseline - Full'!P2 -> 130000 | R2: ='2. Baseline - Full'!Q2 -> 150000 | S2: ='2. Baseline - Full'!R2 -> 200000 | T2: ='2. Baseline - Full'!S2 -> 400000 | U2: ='2. Baseline - Full'!T2 -> 700000 | V2: ='2. Baseline - Full'!U2 -> 400000 | W2: ='2. Baseline - Full'!V2 -> 400000
A3: theater_dance | B3: True Positive | C3: 0 | D3: 0 | E3: 0 | F3: 2 | G3: 3 | H3: 10 | I3: 15 | J3: 27 | K3: 40 | L3: 52 | M3: 62 | O3: 0.3862069 | P3: 0.3862069 | Q3: 0.3862069 | R3: 0.3862069 | S3: 0.3862069 | T3: 0.3862069
B4: True Negative | C4: 29291 | D4: 29291 | E4: 29291 | F4: 29289 | G4: 29286 | H4: 29274 | I4: 29264 | J4: 29239 | K4: 29224 | L4: 29209 | M4: 29192 | O4: 0.49584232 | P4: 0.49584232 | Q4: 0.49584232 | R4: 0.49584232 | S4: 0.49584232 | T4: 0.49584232
B5: False Positive | C5: 120 | D5: 120 | E5: 120 | F5: 118 | G5: 117 | H5: 110 | I5: 105 | J5: 93 | K5: 80 | L5: 68 | M5: 58 | O5: 0.1969697 | P5: 0.1969697 | Q5: 0.1969697 | R5: 0.1969697 | S5: 0.1969697 | T5: 0.1969697
B6: False Negative | C6: 0 | D6: 0 | E6: 0 | F6: 2 | G6: 5 | H6: 17 | I6: 27 | J6: 52 | K6: 67 | L6: 82 | M6: 99 | O6: 0.16 | P6: 0.16 | Q6: 0.16 | R6: 0.16 | S6: 0.16 | T6: 0.16
B7: Precision | C7: 0 | D7: 0 | E7: 0 | F7: 0.016666667 | G7: 0.025 | H7: 0.083333333 | I7: 0.125 | J7: 0.225 | K7: 0.33333333 | L7: 0.43333333 | M7: 0.51666667 | O7: 0.19354839 | P7: 0.19354839 | Q7: 0.19354839 | R7: 0.19354839 | S7: 0.19354839 | T7: 0.19354839
B8: Recall | C8: NaN | D8: NaN | E8: NaN | F8: 0.5 | G8: 0.375 | H8: 0.37037037 | I8: 0.35714286 | J8: 0.34177215 | K8: 0.37383178 | L8: 0.3880597 | M8: 0.38509317 | O8: 0.95442073 | P8: 0.95442073 | Q8: 0.95442073 | R8: 0.95442073 | S8: 0.95442073 | T8: 0.95442073
B9: F1 | C9: 0 | D9: 0 | E9: 0 | F9: 0.032258065 | G9: 0.046875 | H9: 0.13605442 | I9: 0.18518519 | J9: 0.27135678 | K9: 0.35242291 | L9: 0.40944882 | M9: 0.44128114 | N9: 0.4 | O9: ='2. Baseline - Full'!N9 -> 0.41304348 | P9: ='2. Baseline - Full'!O9 -> 0.36426117 | Q9: ='2. Baseline - Full'!P9 -> 0.3862069 | R9: ='2. Baseline - Full'!Q9 -> 0.36426117 | S9: ='2. Baseline - Full'!R9 -> 0.36860068 | T9: ='2. Baseline - Full'!S9 -> 0.38869258 | U9: ='2. Baseline - Full'!T9 -> 0.38405797 | V9: ='2. Baseline - Full'!U9 -> 0.36805556 | W9: ='2. Baseline - Full'!V9 -> 0.36912752
B10: Accuracy | C10: 0.99591989 | D10: 0.99591989 | E10: 0.99591989 | F10: 0.99591989 | G10: 0.99585189 | H10: 0.99568189 | I10: 0.99551188 | J10: 0.99506987 | K10: 0.99500187 | L10: 0.99489987 | M10: 0.99466186 | O10: 0.5915493 | P10: 0.5915493 | Q10: 0.5915493 | R10: 0.5915493 | S10: 0.5915493 | T10: 0.5915493 | U10: 0.5915493 | V10: 0.5915493 | W10: 0.5915493
O11: 0.078740157 | P11: 0.078740157 | Q11: 0.078740157 | R11: 0.078740157 | S11: 0.078740157 | T11: 0.078740157 | U11: 0.078740157 | V11: 0.078740157 | W11: 0.078740157
A13: concert | B13: True Positive | C13: 0 | D13: 0 | E13: 0 | F13: 39 | G13: 127 | H13: 231 | I13: 287 | J13: 410 | K13: 481 | L13: 541 | M13: 625
B14: True Negative | C14: 27522 | D14: 27522 | E14: 27522 | F14: 27514 | G14: 27484 | H14: 27453 | I14: 27433 | J14: 27385 | K14: 27364 | L14: 27331 | M14: 27261
B15: False Positive | C15: 1889 | D15: 1889 | E15: 1889 | F15: 1850 | G15: 1762 | H15: 1658 | I15: 1602 | J15: 1479 | K15: 1408 | L15: 1348 | M15: 1264
B16: False Negative | C16: 0 | D16: 0 | E16: 0 | F16: 8 | G16: 38 | H16: 69 | I16: 89 | J16: 137 | K16: 158 | L16: 191 | M16: 261
B17: Precision | C17: 0 | D17: 0 | E17: 0 | F17: 0.020645844 | G17: 0.067231339 | H17: 0.12228692 | I17: 0.15193224 | J17: 0.21704606 | K17: 0.25463208 | L17: 0.28639492 | M17: 0.33086289
B18: Recall | C18: NaN | D18: NaN | E18: NaN | F18: 0.82978723 | G18: 0.76969697 | H18: 0.77 | I18: 0.76329787 | J18: 0.74954296 | K18: 0.75273865 | L18: 0.73907104 | M18: 0.70541761
B19: F1 | C19: 0 | D19: 0 | E19: 0 | F19: 0.040289256 | G19: 0.12366115 | H19: 0.21105528 | I19: 0.25342163 | J19: 0.33661741 | K19: 0.38053797 | L19: 0.41281953 | M19: 0.45045045 | N19: 0.5264 | O19: ='2. Baseline - Full'!N19 -> 0.48905109 | P19: ='2. Baseline - Full'!O19 -> 0.48217417 | Q19: ='2. Baseline - Full'!P19 -> 0.49584232 | R19: ='2. Baseline - Full'!Q19 -> 0.48217417 | S19: ='2. Baseline - Full'!R19 -> 0.48543689 | T19: ='2. Baseline - Full'!S19 -> 0.48477683 | U19: ='2. Baseline - Full'!T19 -> 0.45968217 | V19: ='2. Baseline - Full'!U19 -> 0.48300117 | W19: ='2. Baseline - Full'!V19 -> 0.48831015
B20: Accuracy | C20: 0.93577233 | D20: 0.93577233 | E20: 0.93577233 | F20: 0.93682636 | G20: 0.93879841 | H20: 0.94128047 | I20: 0.94250451 | J20: 0.94505457 | K20: 0.94675462 | L20: 0.94767264 | M20: 0.94814865
A23: conference | B23: True Positive | C23: 0 | D23: 0 | E23: 0 | F23: 0 | G23: 0 | H23: 0 | I23: 0 | J23: 0 | K23: 0 | L23: 0 | M23: 2
B24: True Negative | C24: 29299 | D24: 29299 | E24: 29299 | F24: 29299 | G24: 29299 | H24: 29299 | I24: 29299 | J24: 29299 | K24: 29299 | L24: 29297 | M24: 29296
B25: False Positive | C25: 112 | D25: 112 | E25: 112 | F25: 112 | G25: 112 | H25: 112 | I25: 112 | J25: 112 | K25: 112 | L25: 112 | M25: 110
B26: False Negative | C26: 0 | D26: 0 | E26: 0 | F26: 0 | G26: 0 | H26: 0 | I26: 0 | J26: 0 | K26: 0 | L26: 2 | M26: 3
B27: Precision | C27: 0 | D27: 0 | E27: 0 | F27: 0 | G27: 0 | H27: 0 | I27: 0 | J27: 0 | K27: 0 | L27: 0 | M27: 0.017857143
B28: Recall | C28: NaN | D28: NaN | E28: NaN | F28: NaN | G28: NaN | H28: NaN | I28: NaN | J28: NaN | K28: NaN | L28: 0 | M28: 0.4
B29: F1 | C29: 0 | D29: 0 | E29: 0 | F29: 0 | G29: 0 | H29: 0 | I29: 0 | J29: 0 | K29: 0 | L29: 0 | M29: 0.034188034 | N29: 0.5137 | O29: ='2. Baseline - Full'!N29 -> 0.13953488 | P29: ='2. Baseline - Full'!O29 -> 0.18461538 | Q29: ='2. Baseline - Full'!P29 -> 0.1969697 | R29: ='2. Baseline - Full'!Q29 -> 0.18461538 | S29: ='2. Baseline - Full'!R29 -> 0.18461538 | T29: ='2. Baseline - Full'!S29 -> 0.18461538 | U29: ='2. Baseline - Full'!T29 -> 0.16541353 | V29: ='2. Baseline - Full'!U29 -> 0.20740741 | W29: ='2. Baseline - Full'!V29 -> 0.171875
B30: Accuracy | C30: 0.9961919 | D30: 0.9961919 | E30: 0.9961919 | F30: 0.9961919 | G30: 0.9961919 | H30: 0.9961919 | I30: 0.9961919 | J30: 0.9961919 | K30: 0.9961919 | L30: 0.9961239 | M30: 0.9961579
A33: exhibition | B33: True Positive | C33: 0 | D33: 0 | E33: 0 | F33: 0 | G33: 0 | H33: 0 | I33: 0 | J33: 0 | K33: 0 | L33: 0 | M33: 0
B34: True Negative | C34: 29274 | D34: 29274 | E34: 29274 | F34: 29274 | G34: 29274 | H34: 29274 | I34: 29274 | J34: 29274 | K34: 29272 | L34: 29267 | M34: 29261
B35: False Positive | C35: 137 | D35: 137 | E35: 137 | F35: 137 | G35: 137 | H35: 137 | I35: 137 | J35: 137 | K35: 137 | L35: 137 | M35: 137
B36: False Negative | C36: 0 | D36: 0 | E36: 0 | F36: 0 | G36: 0 | H36: 0 | I36: 0 | J36: 0 | K36: 2 | L36: 7 | M36: 13
B37: Precision | C37: 0 | D37: 0 | E37: 0 | F37: 0 | G37: 0 | H37: 0 | I37: 0 | J37: 0 | K37: 0 | L37: 0 | M37: 0
B38: Recall | C38: NaN | D38: NaN | E38: NaN | F38: NaN | G38: NaN | H38: NaN | I38: NaN | J38: NaN | K38: 0 | L38: 0 | M38: 0
B39: F1 | C39: 0 | D39: 0 | E39: 0 | F39: 0 | G39: 0 | H39: 0 | I39: 0 | J39: 0 | K39: 0 | L39: 0 | M39: 0 | N39: 0.215 | O39: ='2. Baseline - Full'!N39 -> 0.032967033 | P39: ='2. Baseline - Full'!O39 -> 0.19217082 | Q39: ='2. Baseline - Full'!P39 -> 0.16 | R39: ='2. Baseline - Full'!Q39 -> 0.19217082 | S39: ='2. Baseline - Full'!R39 -> 0.22131148 | T39: ='2. Baseline - Full'!S39 -> 0.20610687 | U39: ='2. Baseline - Full'!T39 -> 0.15224913 | V39: ='2. Baseline - Full'!U39 -> 0.16342412 | W39: ='2. Baseline - Full'!V39 -> 0.21132075
B40: Accuracy | C40: 0.99534188 | D40: 0.99534188 | E40: 0.99534188 | F40: 0.99534188 | G40: 0.99534188 | H40: 0.99534188 | I40: 0.99534188 | J40: 0.99534188 | K40: 0.99527388 | L40: 0.99510387 | M40: 0.99489987
A43: fashion | B43: True Positive | C43: 0 | D43: 0 | E43: 0 | F43: 0 | G43: 0 | H43: 0 | I43: 0 | J43: 0 | K43: 0 | L43: 1 | M43: 3
B44: True Negative | C44: 29383 | D44: 29383 | E44: 29383 | F44: 29383 | G44: 29383 | H44: 29383 | I44: 29383 | J44: 29383 | K44: 29383 | L44: 29383 | M44: 29383
B45: False Positive | C45: 28 | D45: 28 | E45: 28 | F45: 28 | G45: 28 | H45: 28 | I45: 28 | J45: 28 | K45: 28 | L45: 27 | M45: 25
B46: False Negative | C46: 0 | D46: 0 | E46: 0 | F46: 0 | G46: 0 | H46: 0 | I46: 0 | J46: 0 | K46: 0 | L46: 0 | M46: 0
B47: Precision | C47: 0.02 | D47: 0 | E47: 0 | F47: 0 | G47: 0 | H47: 0 | I47: 0 | J47: 0 | K47: 0 | L47: 0.035714286 | M47: 0.10714286
B48: Recall | C48: NaN | D48: NaN | E48: NaN | F48: NaN | G48: NaN | H48: NaN | I48: NaN | J48: NaN | K48: NaN | L48: 1 | M48: 1
B49: F1 | C49: 0 | D49: 0 | E49: 0 | F49: 0 | G49: 0 | H49: 0 | I49: 0 | J49: 0 | K49: 0 | L49: 0.068965517 | M49: 0.19354839 | N49: 0.1764 | O49: ='2. Baseline - Full'!N49 -> 0.3030303 | P49: ='2. Baseline - Full'!O49 -> 0.17647059 | Q49: ='2. Baseline - Full'!P49 -> 0.19354839 | R49: ='2. Baseline - Full'!Q49 -> 0.17647059 | S49: ='2. Baseline - Full'!R49 -> 0.19354839 | T49: ='2. Baseline - Full'!S49 -> 0.1875 | U49: ='2. Baseline - Full'!T49 -> 0.066666667 | V49: ='2. Baseline - Full'!U49 -> 0.068965517 | W49: ='2. Baseline - Full'!V49 -> 0.1875
B50: Accuracy | C50: 0.99904798 | D50: 0.99904798 | E50: 0.99904798 | F50: 0.99904798 | G50: 0.99904798 | H50: 0.99904798 | I50: 0.99904798 | J50: 0.99904798 | K50: 0.99904798 | L50: 0.99908198 | M50: 0.99914998
A53: non_event | B53: True Positive | C53: 26686 | D53: 26686 | E53: 26686 | F53: 26676 | G53: 26650 | H53: 26607 | I53: 26576 | J53: 26504 | K53: 26469 | L53: 26411 | M53: 26314
B54: True Negative | C54: 0 | D54: 0 | E54: 0 | F54: 42 | G54: 146 | H54: 271 | I54: 347 | J54: 508 | K54: 596 | L54: 681 | M54: 791
B55: False Positive | C55: 0 | D55: 0 | E55: 0 | F55: 10 | G55: 36 | H55: 79 | I55: 110 | J55: 182 | K55: 217 | L55: 275 | M55: 372
B56: False Negative | C56: 2725 | D56: 2725 | E56: 2725 | F56: 2683 | G56: 2579 | H56: 2454 | I56: 2378 | J56: 2217 | K56: 2129 | L56: 2044 | M56: 1934
B57: Precision | C57: 1 | D57: 1 | E57: 1 | F57: 0.99962527 | G57: 0.99865098 | H57: 0.99703965 | I57: 0.99587799 | J57: 0.99317994 | K57: 0.9918684 | L57: 0.98969497 | M57: 0.98606011
B58: Recall | C58: 0.90734759 | D58: 0.90734759 | E58: 0.90734759 | F58: 0.90861405 | G58: 0.91176571 | H58: 0.91555693 | I58: 0.91786972 | J58: 0.92280909 | K58: 0.92555423 | L58: 0.92816728 | M58: 0.93153498
B59: F1 | C59: 0.95142343 | D59: 0.95142343 | E59: 0.95142343 | F59: 0.95194933 | G59: 0.95323259 | H59: 0.95456258 | I59: 0.95528397 | J59: 0.95670222 | K59: 0.95756458 | L59: 0.95794418 | M59: 0.95802235 | N59: 0.9229 | O59: ='2. Baseline - Full'!N59 -> 0.95687509 | P59: ='2. Baseline - Full'!O59 -> 0.94997962 | Q59: ='2. Baseline - Full'!P59 -> 0.95442073 | R59: ='2. Baseline - Full'!Q59 -> 0.94997962 | S59: ='2. Baseline - Full'!R59 -> 0.95279207 | T59: ='2. Baseline - Full'!S59 -> 0.95167135 | U59: ='2. Baseline - Full'!T59 -> 0.94839594 | V59: ='2. Baseline - Full'!U59 -> 0.95061888 | W59: ='2. Baseline - Full'!V59 -> 0.95158666
B60: Accuracy | C60: 0.90734759 | D60: 0.90734759 | E60: 0.90734759 | F60: 0.90843562 | G60: 0.91108769 | H60: 0.91387576 | I60: 0.9154058 | J60: 0.91843188 | K60: 0.92023393 | L60: 0.92115195 | M60: 0.92159396
A63: other | B63: True Positive | C63: 0 | D63: 0 | E63: 0 | F63: 0 | G63: 0 | H63: 0 | I63: 0 | J63: 0 | K63: 0 | L63: 0 | M63: 0
B64: True Negative | C64: 29313 | D64: 29313 | E64: 29313 | F64: 29313 | G64: 29313 | H64: 29313 | I64: 29313 | J64: 29313 | K64: 29313 | L64: 29313 | M64: 29313
B65: False Positive | C65: 98 | D65: 98 | E65: 98 | F65: 98 | G65: 98 | H65: 98 | I65: 98 | J65: 98 | K65: 98 | L65: 98 | M65: 98
B66: False Negative | C66: 0 | D66: 0 | E66: 0 | F66: 0 | G66: 0 | H66: 0 | I66: 0 | J66: 0 | K66: 0 | L66: 0 | M66: 0
B67: Precision | C67: 0 | D67: 0 | E67: 0 | F67: 0 | G67: 0 | H67: 0 | I67: 0 | J67: 0 | K67: 0 | L67: 0 | M67: 0
B68: Recall | C68: NaN | D68: NaN | E68: NaN | F68: NaN | G68: NaN | H68: NaN | I68: NaN | J68: NaN | K68: NaN | L68: NaN | M68: NaN
B69: F1 | C69: 0 | D69: 0 | E69: 0 | F69: 0 | G69: 0 | H69: 0 | I69: 0 | J69: 0 | K69: 0 | L69: 0 | M69: 0 | N69: 0.1119 | O69: ='2. Baseline - Full'!N69 -> 0 | P69: ='2. Baseline - Full'!O69 -> 0.054054054 | Q69: ='2. Baseline - Full'!P69 -> 0.062015504 | R69: ='2. Baseline - Full'!Q69 -> 0.054054054 | S69: ='2. Baseline - Full'!R69 -> 0.060150376 | T69: ='2. Baseline - Full'!S69 -> 0.055944056 | U69: ='2. Baseline - Full'!T69 -> 0.037037037 | V69: ='2. Baseline - Full'!U69 -> 0.070921986 | W69: ='2. Baseline - Full'!V69 -> 0.055944056
B70: Accuracy | C70: 0.99666791 | D70: 0.99666791 | E70: 0.99666791 | F70: 0.99666791 | G70: 0.99666791 | H70: 0.99666791 | I70: 0.99666791 | J70: 0.99666791 | K70: 0.99666791 | L70: 0.99666791 | M70: 0.99666791
A73: protest | B73: True Positive | C73: 0 | D73: 0 | E73: 0 | F73: 1 | G73: 8 | H73: 19 | I73: 34 | J73: 56 | K73: 58 | L73: 62 | M73: 68
B74: True Negative | C74: 29273 | D74: 29273 | E74: 29273 | F74: 29273 | G74: 29272 | H74: 29269 | I74: 29268 | J74: 29266 | K74: 29267 | L74: 29259 | M74: 29254
B75: False Positive | C75: 138 | D75: 138 | E75: 138 | F75: 137 | G75: 130 | H75: 119 | I75: 104 | J75: 82 | K75: 80 | L75: 76 | M75: 70
B76: False Negative | C76: 0 | D76: 0 | E76: 0 | F76: 0 | G76: 1 | H76: 4 | I76: 5 | J76: 7 | K76: 6 | L76: 14 | M76: 19
B77: Precision | C77: 0 | D77: 0 | E77: 0 | F77: 0.0072463768 | G77: 0.057971014 | H77: 0.13768116 | I77: 0.24637681 | J77: 0.4057971 | K77: 0.42028986 | L77: 0.44927536 | M77: 0.49275362
B78: Recall | C78: NaN | D78: NaN | E78: NaN | F78: 1 | G78: 0.88888889 | H78: 0.82608696 | I78: 0.87179487 | J78: 0.88888889 | K78: 0.90625 | L78: 0.81578947 | M78: 0.7816092
B79: F1 | C79: 0 | D79: 0 | E79: 0 | F79: 0.014388489 | G79: 0.10884354 | H79: 0.23602484 | I79: 0.38418079 | J79: 0.55721393 | K79: 0.57425743 | L79: 0.57943925 | M79: 0.60444444 | N79: 0.6457 | O79: ='2. Baseline - Full'!N79 -> 0.58715596 | P79: ='2. Baseline - Full'!O79 -> 0.58333333 | Q79: ='2. Baseline - Full'!P79 -> 0.5915493 | R79: ='2. Baseline - Full'!Q79 -> 0.58333333 | S79: ='2. Baseline - Full'!R79 -> 0.57416268 | T79: ='2. Baseline - Full'!S79 -> 0.56872038 | U79: ='2. Baseline - Full'!T79 -> 0.59728507 | V79: ='2. Baseline - Full'!U79 -> 0.56074766 | W79: ='2. Baseline - Full'!V79 -> 0.55769231
B80: Accuracy | C80: 0.99530788 | D80: 0.99530788 | E80: 0.99530788 | F80: 0.99534188 | G80: 0.99554588 | H80: 0.99581789 | I80: 0.9962939 | J80: 0.99697392 | K80: 0.99707592 | L80: 0.99693992 | M80: 0.99697392
A83: sports | B83: True Positive | C83: 0 | D83: 0 | E83: 0 | F83: 0 | G83: 0 | H83: 0 | I83: 0 | J83: 0 | K83: 0 | L83: 0 | M83: 2
B84: True Negative | C84: 29208 | D84: 29208 | E84: 29208 | F84: 29208 | G84: 29208 | H84: 29208 | I84: 29208 | J84: 29207 | K84: 29207 | L84: 29204 | M84: 29202
B85: False Positive | C85: 203 | D85: 203 | E85: 203 | F85: 203 | G85: 203 | H85: 203 | I85: 203 | J85: 203 | K85: 203 | L85: 203 | M85: 201
B86: False Negative | C86: 0 | D86: 0 | E86: 0 | F86: 0 | G86: 0 | H86: 0 | I86: 0 | J86: 1 | K86: 1 | L86: 4 | M86: 6
B87: Precision | C87: 0 | D87: 0 | E87: 0 | F87: 0 | G87: 0 | H87: 0 | I87: 0 | J87: 0 | K87: 0 | L87: 0 | M87: 0.0098522167
B88: Recall | C88: NaN | D88: NaN | E88: NaN | F88: NaN | G88: NaN | H88: NaN | I88: NaN | J88: 0 | K88: 0 | L88: 0 | M88: 0.25
B89: F1 | C89: 0 | D89: 0 | E89: 0 | F89: 0 | G89: 0 | H89: 0 | I89: 0 | J89: 0 | K89: 0 | L89: 0 | M89: 0.018957346 | N89: 0.1495 | O89: ='2. Baseline - Full'!N89 -> 0.070484581 | P89: ='2. Baseline - Full'!O89 -> 0.10559006 | Q89: ='2. Baseline - Full'!P89 -> 0.078740157 | R89: ='2. Baseline - Full'!Q89 -> 0.10559006 | S89: ='2. Baseline - Full'!R89 -> 0.086021505 | T89: ='2. Baseline - Full'!S89 -> 0.11034483 | U89: ='2. Baseline - Full'!T89 -> 0.086153846 | V89: ='2. Baseline - Full'!U89 -> 0.11447811 | W89: ='2. Baseline - Full'!V89 -> 0.10921502
B90: Accuracy | C90: 0.99309782 | D90: 0.99309782 | E90: 0.99309782 | F90: 0.99309782 | G90: 0.99309782 | H90: 0.99309782 | I90: 0.99309782 | J90: 0.99306382 | K90: 0.99306382 | L90: 0.99296182 | M90: 0.99296182
A91: AVERAGE | C91: =(C9+C19+C29+C39+C49+C59+C69+C79+C89)/9 -> 0.10571371 | D91: =(D9+D19+D29+D39+D49+D59+D69+D79+D89)/9 -> 0.10571371 | E91: =(E9+E19+E29+E39+E49+E59+E69+E79+E89)/9 -> 0.10571371 | F91: =(F9+F19+F29+F39+F49+F59+F69+F79+F89)/9 -> 0.11543168 | G91: =(G9+G19+G29+G39+G49+G59+G69+G79+G89)/9 -> 0.13695692 | H91: =(H9+H19+H29+H39+H49+H59+H69+H79+H89)/9 -> 0.17085524 | I91: =(I9+I19+I29+I39+I49+I59+I69+I79+I89)/9 -> 0.19756351 | J91: =(J9+J19+J29+J39+J49+J59+J69+J79+J89)/9 -> 0.23576559 | ... W91: =(W9+W19+W29+W39+W49+W59+W69+W79+W89)/9 -> 0.34473016
V92: =V91-$T$91 -> -0.016750205 | W92: =W91-$T$91 -> -0.0039778682
U94: My method (w/t Onto) | V94: My method (with Explain-based | W94: My method (with Explain-based | Z94: Your methods | AC94: F1 hiện tại | AD94: F1 theo bài báo
T95: conference | U95: 0.18461538 | V95: =V29 -> 0.20740741 | W95: =W29 -> 0.171875 | Z95: 0.3271 | AB95: conference | AC95: 0.18461538 | AD95: 0.3271
T96: fashion | U96: 0.1875 | V96: =V49 -> 0.068965517 | W96: =W49 -> 0.1875 | Z96: 0.2857 | AB96: fashion | AC96: 0.1875 | AD96: 0.2857
T97: concert | U97: 0.48477683 | V97: =V19 -> 0.48300117 | W97: =W19 -> 0.48831015 | Z97: 0.6023 | AB97: concert | AC97: 0.48477683 | AD97: 0.6023
T98: non_event | U98: 0.95167135 | V98: =V59 -> 0.95061888 | W98: =W59 -> 0.95158666 | Z98: 0.9462 | AB98: non_event | AC98: 0.95167135 | AD98: 0.9462
T99: sports | U99: 0.11034483 | V99: =V89 -> 0.11447811 | W99: =W89 -> 0.10921502 | Z99: 0.1803 | AB99: sports | AC99: 0.11034483 | AD99: 0.1803
T100: protest | U100: 0.56872038 | V100: =V79 -> 0.56074766 | W100: =W79 -> 0.55769231 | Z100: 0.7152 | AB100: protest | AC100: 0.56872038 | AD100: 0.7152
T101: other | U101: 0.055944056 | V101: =V69 -> 0.070921986 | W101: =W69 -> 0.055944056 | Z101: 0.1527 | AB101: other | AC101: 0.055944056 | AD101: 0.1527
T102: exhibition | U102: 0.20610687 | V102: =V39 -> 0.16342412 | W102: =W39 -> 0.21132075 | Z102: 0.1928 | AB102: exhibition | AC102: 0.20610687 | AD102: 0.1928
T103: theater_dance | U103: 0.38869258 | V103: =V9 -> 0.36805556 | W103: =W9 -> 0.36912752 | Z103: 0.5722 | AB103: theater_dance | AC103: 0.38869258 | AD103: 0.5722
W105: Explaination-based | X105: Explaination-based | Z105: Paper (max - w D2W)
T106: Event | W106: 0.440812 | X106: 0.4494 | Z106: 0.4761
T107: Non-event | W107: 0.9506 | X107: 0.9497 | Z107: -
V114: =2^15 -> 32768
E132: RESAMPLED
F135: non-resample | G135: resample
E136: c | F136: Expl-based 1 eventF1 | G136: Baseline event F1
E137: 50 | F137: 0.02998929
E138: 100 | F138: 0.031238907
E139: 1000 | F139: 0.16528398
E140: 2000 | F140: 0.24407796
E141: 3000 | F141: 0.2710496
E142: 5000 | F142: 0.3103921
...

Sheet 2. Baseline - Full
U1: Ex-based
A2: c | C2: 0.01 | D2: 1 | E2: 100 | F2: 500 | G2: 1000 | H2: 2000 | I2: 3000 | J2: 5000 | K2: 7000 | L2: 10000 | M2: 20000 | N2: 50000 | O2: 100000 | P2: 130000 | Q2: 150000 | R2: 200000 | S2: 400000 | T2: 700000 | U2: 400000 | V2: 400000
A3: theater_dance | B3: True Positive | C3: 0 | D3: 0 | E3: 0 | F3: 2 | G3: 3 | H3: 10 | I3: 15 | J3: 27 | K3: 40 | L3: 52 | M3: 62 | N3: 57 | O3: 53 | P3: 56 | Q3: 53 | R3: 54 | S3: 55 | T3: 53 | U3: 53 | V3: 55
B4: True Negative | C4: 29291 | D4: 29291 | E4: 29291 | F4: 29289 | G4: 29286 | H4: 29274 | I4: 29264 | J4: 29239 | K4: 29224 | L4: 29209 | M4: 29192 | N4: 29192 | O4: 29173 | P4: 29177 | Q4: 29173 | R4: 29172 | S4: 29183 | T4: 29188 | U4: 29176 | V4: 29168
B5: False Positive | C5: 120 | D5: 120 | E5: 120 | F5: 118 | G5: 117 | H5: 110 | I5: 105 | J5: 93 | K5: 80 | L5: 68 | M5: 58 | N5: 63 | O5: 67 | P5: 64 | Q5: 67 | R5: 66 | S5: 65 | T5: 67 | U5: 67 | V5: 65
B6: False Negative | C6: 0 | D6: 0 | E6: 0 | F6: 2 | G6: 5 | H6: 17 | I6: 27 | J6: 52 | K6: 67 | L6: 82 | M6: 99 | N6: 99 | O6: 118 | P6: 114 | Q6: 118 | R6: 119 | S6: 108 | T6: 103 | U6: 115 | V6: 123
B7: Precision | C7: 0 | D7: 0 | E7: 0 | F7: 0.016666667 | G7: 0.025 | H7: 0.083333333 | I7: 0.125 | J7: 0.225 | K7: 0.33333333 | L7: 0.43333333 | M7: 0.51666667 | N7: 0.475 | O7: 0.44166667 | P7: 0.46666667 | Q7: 0.44166667 | R7: 0.45 | S7: 0.45833333 | T7: 0.44166667 | U7: 0.44166667 | V7: 0.45833333
B8: Recall | C8: NaN | D8: NaN | E8: NaN | F8: 0.5 | G8: 0.375 | H8: 0.37037037 | I8: 0.35714286 | J8: 0.34177215 | K8: 0.37383178 | L8: 0.3880597 | M8: 0.38509317 | N8: 0.36538462 | O8: 0.30994152 | P8: 0.32941176 | Q8: 0.30994152 | R8: 0.31213873 | S8: 0.33742331 | T8: 0.33974359 | U8: 0.31547619 | V8: 0.30898876
B9: F1 | C9: 0 | D9: 0 | E9: 0 | F9: 0.032258065 | G9: 0.046875 | H9: 0.13605442 | I9: 0.18518519 | J9: 0.27135678 | K9: 0.35242291 | L9: 0.40944882 | M9: 0.44128114 | N9: 0.41304348 | O9: 0.36426117 | P9: 0.3862069 | Q9: 0.36426117 | R9: 0.36860068 | S9: 0.38869258 | T9: 0.38405797 | U9: 0.36805556 | V9: 0.36912752
B10: Accuracy | C10: 0.99591989 | D10: 0.99591989 | E10: 0.99591989 | F10: 0.99591989 | G10: 0.99585189 | H10: 0.99568189 | I10: 0.99551188 | J10: 0.99506987 | K10: 0.99500187 | L10: 0.99489987 | M10: 0.99466186 | N10: 0.99449186 | O10: 0.99370984 | P10: 0.99394784 | Q10: 0.99370984 | R10: 0.99370984 | S10: 0.99411785 | T10: 0.99421985 | U10: 0.99381184 | V10: 0.99360783
A13: concert | B13: True Positive | C13: 0 | D13: 0 | E13: 0 | F13: 39 | G13: 127 | H13: 231 | I13: 287 | J13: 410 | K13: 481 | L13: 541 | M13: 625 | N13: 737 | O13: 825 | P13: 805 | Q13: 825 | R13: 800 | S13: 820 | T13: 781 | U13: 824 | V13: 825
B14: True Negative | C14: 27522 | D14: 27522 | E14: 27522 | F14: 27514 | G14: 27484 | H14: 27453 | I14: 27433 | J14: 27385 | K14: 27364 | L14: 27331 | M14: 27261 | N14: 27134 | O14: 26814 | P14: 26969 | Q14: 26814 | R14: 26915 | S14: 26848 | T14: 26794 | U14: 26823 | V14: 26857
B15: False Positive | C15: 1889 | D15: 1889 | E15: 1889 | F15: 1850 | G15: 1762 | H15: 1658 | I15: 1602 | J15: 1479 | K15: 1408 | L15: 1348 | M15: 1264 | N15: 1152 | O15: 1064 | P15: 1084 | Q15: 1064 | R15: 1089 | S15: 1069 | T15: 1108 | U15: 1065 | V15: 1064
B16: False Negative | C16: 0 | D16: 0 | E16: 0 | F16: 8 | G16: 38 | H16: 69 | I16: 89 | J16: 137 | K16: 158 | L16: 191 | M16: 261 | N16: 388 | O16: 708 | P16: 553 | Q16: 708 | R16: 607 | S16: 674 | T16: 728 | U16: 699 | V16: 665
B17: Precision | C17: 0 | D17: 0 | E17: 0 | F17: 0.020645844 | G17: 0.067231339 | H17: 0.12228692 | I17: 0.15193224 | J17: 0.21704606 | K17: 0.25463208 | L17: 0.28639492 | M17: 0.33086289 | N17: 0.39015352 | O17: 0.43673902 | P17: 0.4261514 | Q17: 0.43673902 | R17: 0.4235045 | S17: 0.43409211 | T17: 0.41344627 | U17: 0.43620963 | V17: 0.43673902
B18: Recall | C18: NaN | D18: NaN | E18: NaN | F18: 0.82978723 | G18: 0.76969697 | H18: 0.77 | I18: 0.76329787 | J18: 0.74954296 | K18: 0.75273865 | L18: 0.73907104 | M18: 0.70541761 | N18: 0.65511111 | O18: 0.53816047 | P18: 0.59278351 | Q18: 0.53816047 | R18: 0.56858564 | S18: 0.54886212 | T18: 0.5175613 | U18: 0.54103743 | V18: 0.55369128
B19: F1 | C19: 0 | D19: 0 | E19: 0 | F19: 0.040289256 | G19: 0.12366115 | H19: 0.21105528 | I19: 0.25342163 | J19: 0.33661741 | K19: 0.38053797 | L19: 0.41281953 | M19: 0.45045045 | N19: 0.48905109 | O19: 0.48217417 | P19: 0.49584232 | Q19: 0.48217417 | R19: 0.48543689 | S19: 0.48477683 | T19: 0.45968217 | U19: 0.48300117 | V19: 0.48831015
B20: Accuracy | C20: 0.93577233 | D20: 0.93577233 | E20: 0.93577233 | F20: 0.93682636 | G20: 0.93879841 | H20: 0.94128047 | I20: 0.94250451 | J20: 0.94505457 | K20: 0.94675462 | L20: 0.94767264 | M20: 0.94814865 | N20: 0.94763864 | O20: 0.93975043 | P20: 0.94434055 | Q20: 0.93975043 | R20: 0.9423345 | S20: 0.94073646 | T20: 0.93757438 | U20: 0.94002244 | V20: 0.94121247
A23: conference | B23: True Positive | C23: 0 | D23: 0 | E23: 0 | F23: 0 | G23: 0 | H23: 0 | I23: 0 | J23: 0 | K23: 0 | L23: 0 | M23: 2 | N23: 9 | O23: 12 | P23: 13 | Q23: 12 | R23: 12 | S23: 12 | T23: 11 | U23: 14 | V23: 11
B24: True Negative | C24: 29299 | D24: 29299 | E24: 29299 | F24: 29299 | G24: 29299 | H24: 29299 | I24: 29299 | J24: 29299 | K24: 29299 | L24: 29297 | M24: 29296 | N24: 29291 | O24: 29293 | P24: 29292 | Q24: 29293 | R24: 29293 | S24: 29293 | T24: 29289 | U24: 29290 | V24: 29294
B25: False Positive | C25: 112 | D25: 112 | E25: 112 | F25: 112 | G25: 112 | H25: 112 | I25: 112 | J25: 112 | K25: 112 | L25: 112 | M25: 110 | N25: 103 | O25: 100 | P25: 99 | Q25: 100 | R25: 100 | S25: 100 | T25: 101 | U25: 98 | V25: 101
B26: False Negative | C26: 0 | D26: 0 | E26: 0 | F26: 0 | G26: 0 | H26: 0 | I26: 0 | J26: 0 | K26: 0 | L26: 2 | M26: 3 | N26: 8 | O26: 6 | P26: 7 | Q26: 6 | R26: 6 | S26: 6 | T26: 10 | U26: 9 | V26: 5
B27: Precision | C27: 0 | D27: 0 | E27: 0 | F27: 0 | G27: 0 | H27: 0 | I27: 0 | J27: 0 | K27: 0 | L27: 0 | M27: 0.017857143 | N27: 0.080357143 | O27: 0.10714286 | P27: 0.11607143 | Q27: 0.10714286 | R27: 0.10714286 | S27: 0.10714286 | T27: 0.098214286 | U27: 0.125 | V27: 0.098214286
B28: Recall | C28: NaN | D28: NaN | E28: NaN | F28: NaN | G28: NaN | H28: NaN | I28: NaN | J28: NaN | K28: NaN | L28: 0 | M28: 0.4 | N28: 0.52941176 | O28: 0.66666667 | P28: 0.65 | Q28: 0.66666667 | R28: 0.66666667 | S28: 0.66666667 | T28: 0.52380952 | U28: 0.60869565 | V28: 0.6875
B29: F1 | C29: 0 | D29: 0 | E29: 0 | F29: 0 | G29: 0 | H29: 0 | I29: 0 | J29: 0 | K29: 0 | L29: 0 | M29: 0.034188034 | N29: 0.13953488 | O29: 0.18461538 | P29: 0.1969697 | Q29: 0.18461538 | R29: 0.18461538 | S29: 0.18461538 | T29: 0.16541353 | U29: 0.20740741 | V29: 0.171875
B30: Accuracy | C30: 0.9961919 | D30: 0.9961919 | E30: 0.9961919 | F30: 0.9961919 | G30: 0.9961919 | H30: 0.9961919 | I30: 0.9961919 | J30: 0.9961919 | K30: 0.9961919 | L30: 0.9961239 | M30: 0.9961579 | N30: 0.9962259 | O30: 0.99639591 | P30: 0.99639591 | Q30: 0.99639591 | R30: 0.99639591 | S30: 0.99639591 | T30: 0.9962259 | U30: 0.99636191 | V30: 0.99639591
A33: exhibition | B33: True Positive | C33: 0 | D33: 0 | E33: 0 | F33: 0 | G33: 0 | H33: 0 | I33: 0 | J33: 0 | K33: 0 | L33: 0 | M33: 0 | N33: 3 | O33: 27 | P33: 18 | Q33: 27 | R33: 27 | S33: 27 | T33: 22 | U33: 21 | V33: 28
B34: True Negative | C34: 29274 | D34: 29274 | E34: 29274 | F34: 29274 | G34: 29274 | H34: 29274 | I34: 29274 | J34: 29274 | K34: 29272 | L34: 29267 | M34: 29261 | N34: 29232 | O34: 29157 | P34: 29204 | Q34: 29157 | R34: 29194 | S34: 29176 | T34: 29144 | U34: 29175 | V34: 29174
B35: False Positive | C35: 137 | D35: 137 | E35: 137 | F35: 137 | G35: 137 | H35: 137 | I35: 137 | J35: 137 | K35: 137 | L35: 137 | M35: 137 | N35: 134 | O35: 110 | P35: 119 | Q35: 110 | R35: 110 | S35: 110 | T35: 115 | U35: 116 | V35: 109
B36: False Negative | C36: 0 | D36: 0 | E36: 0 | F36: 0 | G36: 0 | H36: 0 | I36: 0 | J36: 0 | K36: 2 | L36: 7 | M36: 13 | N36: 42 | O36: 117 | P36: 70 | Q36: 117 | R36: 80 | S36: 98 | T36: 130 | U36: 99 | V36: 100
B37: Precision | C37: 0 | D37: 0 | E37: 0 | F37: 0 | G37: 0 | H37: 0 | I37: 0 | J37: 0 | K37: 0 | L37: 0 | M37: 0 | N37: 0.02189781 | O37: 0.19708029 | P37: 0.13138686 | Q37: 0.19708029 | R37: 0.19708029 | S37: 0.19708029 | T37: 0.16058394 | U37: 0.15328467 | V37: 0.20437956
B38: Recall | C38: NaN | D38: NaN | E38: NaN | F38: NaN | G38: NaN | H38: NaN | I38: NaN | J38: NaN | K38: 0 | L38: 0 | M38: 0 | N38: 0.066666667 | O38: 0.1875 | P38: 0.20454545 | Q38: 0.1875 | R38: 0.25233645 | S38: 0.216 | T38: 0.14473684 | U38: 0.175 | V38: 0.21875
B39: F1 | C39: 0 | D39: 0 | E39: 0 | F39: 0 | G39: 0 | H39: 0 | I39: 0 | J39: 0 | K39: 0 | L39: 0 | M39: 0 | N39: 0.032967033 | O39: 0.19217082 | P39: 0.16 | Q39: 0.19217082 | R39: 0.22131148 | S39: 0.20610687 | T39: 0.15224913 | U39: 0.16342412 | V39: 0.21132075
B40: Accuracy | C40: 0.99534188 | D40: 0.99534188 | E40: 0.99534188 | F40: 0.99534188 | G40: 0.99534188 | H40: 0.99534188 | I40: 0.99534188 | J40: 0.99534188 | K40: 0.99527388 | L40: 0.99510387 | M40: 0.99489987 | N40: 0.99401584 | O40: 0.9922818 | P40: 0.99357383 | Q40: 0.9922818 | R40: 0.99353983 | S40: 0.99292782 | T40: 0.99166978 | U40: 0.99268981 | V40: 0.99289382
A43: fashion | B43: True Positive | C43: 0 | D43: 0 | E43: 0 | F43: 0 | G43: 0 | H43: 0 | I43: 0 | J43: 0 | K43: 0 | L43: 1 | M43: 3 | N43: 5 | O43: 3 | P43: 3 | Q43: 3 | R43: 3 | S43: 3 | T43: 1 | U43: 1 | V43: 3
B44: True Negative | C44: 29383 | D44: 29383 | E44: 29383 | F44: 29383 | G44: 29383 | H44: 29383 | I44: 29383 | J44: 29383 | K44: 29383 | L44: 29383 | M44: 29383 | N44: 29383 | O44: 29380 | P44: 29383 | Q44: 29380 | R44: 29383 | S44: 29382 | T44: 29382 | U44: 29383 | V44: 29382
B45: False Positive | C45: 28 | D45: 28 | E45: 28 | F45: 28 | G45: 28 | H45: 28 | I45: 28 | J45: 28 | K45: 28 | L45: 27 | M45: 25 | N45: 23 | O45: 25 | P45: 25 | Q45: 25 | R45: 25 | S45: 25 | T45: 27 | U45: 27 | V45: 25
B46: False Negative | C46: 0 | D46: 0 | E46: 0 | F46: 0 | G46: 0 | H46: 0 | I46: 0 | J46: 0 | K46: 0 | L46: 0 | M46: 0 | N46: 0 | O46: 3 | P46: 0 | Q46: 3 | R46: 0 | S46: 1 | T46: 1 | U46: 0 | V46: 1
B47: Precision | C47: 0.02 | D47: 0 | E47: 0 | F47: 0 | G47: 0 | H47: 0 | I47: 0 | J47: 0 | K47: 0 | L47: 0.035714286 | M47: 0.10714286 | N47: 0.17857143 | O47: 0.10714286 | P47: 0.10714286 | Q47: 0.10714286 | R47: 0.10714286 | S47: 0.10714286 | T47: 0.035714286 | U47: 0.035714286 | V47: 0.10714286
B48: Recall | C48: NaN | D48: NaN | E48: NaN | F48: NaN | G48: NaN | H48: NaN | I48: NaN | J48: NaN | K48: NaN | L48: 1 | M48: 1 | N48: 1 | O48: 0.5 | P48: 1 | Q48: 0.5 | R48: 1 | S48: 0.75 | T48: 0.5 | U48: 1 | V48: 0.75
B49: F1 | C49: 0 | D49: 0 | E49: 0 | F49: 0 | G49: 0 | H49: 0 | I49: 0 | J49: 0 | K49: 0 | L49: 0.068965517 | M49: 0.19354839 | N49: 0.3030303 | O49: 0.17647059 | P49: 0.19354839 | Q49: 0.17647059 | R49: 0.19354839 | S49: 0.1875 | T49: 0.066666667 | U49: 0.068965517 | V49: 0.1875
B50: Accuracy | C50: 0.99904798 | D50: 0.99904798 | E50: 0.99904798 | F50: 0.99904798 | G50: 0.99904798 | H50: 0.99904798 | I50: 0.99904798 | J50: 0.99904798 | K50: 0.99904798 | L50: 0.99908198 | M50: 0.99914998 | N50: 0.99921798 | O50: 0.99904798 | P50: 0.99914998 | Q50: 0.99904798 | R50: 0.99914998 | S50: 0.99911598 | T50: 0.99904798 | U50: 0.99908198 | V50: 0.99911598
A53: non_event | B53: True Positive | C53: 26686 | D53: 26686 | E53: 26686 | F53: 26676 | G53: 26650 | H53: 26607 | I53: 26576 | J53: 26504 | K53: 26469 | L53: 26411 | M53: 26314 | N53: 26138 | O53: 25639 | P53: 25913 | Q53: 25639 | R53: 25824 | S53: 25737 | T53: 25601 | U53: 25690 | V53: 25729
B54: True Negative | C54: 0 | D54: 0 | E54: 0 | F54: 42 | G54: 146 | H54: 271 | I54: 347 | J54: 508 | K54: 596 | L54: 681 | M54: 791 | N54: 917 | O54: 1072 | P54: 1023 | Q54: 1072 | R54: 1028 | S54: 1060 | T54: 1024 | U54: 1052 | V54: 1064
B55: False Positive | C55: 0 | D55: 0 | E55: 0 | F55: 10 | G55: 36 | H55: 79 | I55: 110 | J55: 182 | K55: 217 | L55: 275 | M55: 372 | N55: 548 | O55: 1047 | P55: 773 | Q55: 1047 | R55: 862 | S55: 949 | T55: 1085 | U55: 996 | V55: 957
B56: False Negative | C56: 2725 | D56: 2725 | E56: 2725 | F56: 2683 | G56: 2579 | H56: 2454 | I56: 2378 | J56: 2217 | K56: 2129 | L56: 2044 | M56: 1934 | N56: 1808 | O56: 1653 | P56: 1702 | Q56: 1653 | R56: 1697 | S56: 1665 | T56: 1701 | U56: 1673 | V56: 1661
B57: Precision | C57: 1 | D57: 1 | E57: 1 | F57: 0.99962527 | G57: 0.99865098 | H57: 0.99703965 | I57: 0.99587799 | J57: 0.99317994 | K57: 0.9918684 | L57: 0.98969497 | M57: 0.98606011 | N57: 0.97946489 | O57: 0.96076594 | P57: 0.9710335 | Q57: 0.96076594 | R57: 0.96769842 | S57: 0.96443828 | T57: 0.95934198 | U57: 0.96267706 | V57: 0.9641385
B58: Recall | C58: 0.90734759 | D58: 0.90734759 | E58: 0.90734759 | F58: 0.90861405 | G58: 0.91176571 | H58: 0.91555693 | I58: 0.91786972 | J58: 0.92280909 | K58: 0.92555423 | L58: 0.92816728 | M58: 0.93153498 | N58: 0.9353038 | O58: 0.9394328 | P58: 0.93836683 | Q58: 0.9394328 | R58: 0.938338 | S58: 0.93923801 | T58: 0.93769687 | U58: 0.93885904 | V58: 0.93935743
B59: F1 | C59: 0.95142343 | D59: 0.95142343 | E59: 0.95142343 | F59: 0.95194933 | G59: 0.95323259 | H59: 0.95456258 | I59: 0.95528397 | J59: 0.95670222 | K59: 0.95756458 | L59: 0.95794418 | M59: 0.95802235 | N59: 0.95687509 | O59: 0.94997962 | P59: 0.95442073 | Q59: 0.94997962 | R59: 0.95279207 | S59: 0.95167135 | T59: 0.94839594 | U59: 0.95061888 | V59: 0.95158666
B60: Accuracy | C60: 0.90734759 | D60: 0.90734759 | E60: 0.90734759 | F60: 0.90843562 | G60: 0.91108769 | H60: 0.91387576 | I60: 0.9154058 | J60: 0.91843188 | K60: 0.92023393 | L60: 0.92115195 | M60: 0.92159396 | N60: 0.91989392 | O60: 0.90819761 | P60: 0.91584781 | Q60: 0.90819761 | R60: 0.91299174 | S60: 0.91112169 | T60: 0.90527354 | U60: 0.90925164 | V60: 0.91098569
A63: other | B63: True Positive | C63: 0 | D63: 0 | E63: 0 | F63: 0 | G63: 0 | H63: 0 | I63: 0 | J63: 0 | K63: 0 | L63: 0 | M63: 0 | N63: 0 | O63: 4 | P63: 4 | Q63: 4 | R63: 4 | S63: 4 | T63: 3 | U63: 5 | V63: 4
B64: True Negative | C64: 29313 | D64: 29313 | E64: 29313 | F64: 29313 | G64: 29313 | H64: 29313 | I64: 29313 | J64: 29313 | K64: 29313 | L64: 29313 | M64: 29313 | N64: 29300 | O64: 29267 | P64: 29286 | Q64: 29267 | R64: 29282 | S64: 29272 | T64: 29252 | U64: 29275 | V64: 29272
B65: False Positive | C65: 98 | D65: 98 | E65: 98 | F65: 98 | G65: 98 | H65: 98 | I65: 98 | J65: 98 | K65: 98 | L65: 98 | M65: 98 | N65: 98 | O65: 94 | P65: 94 | Q65: 94 | R65: 94 | S65: 94 | T65: 95 | U65: 93 | V65: 94
B66: False Negative | C66: 0 | D66: 0 | E66: 0 | F66: 0 | G66: 0 | H66: 0 | I66: 0 | J66: 0 | K66: 0 | L66: 0 | M66: 0 | N66: 13 | O66: 46 | P66: 27 | Q66: 46 | R66: 31 | S66: 41 | T66: 61 | U66: 38 | V66: 41
B67: Precision | C67: 0 | D67: 0 | E67: 0 | F67: 0 | G67: 0 | H67: 0 | I67: 0 | J67: 0 | K67: 0 | L67: 0 | M67: 0 | N67: 0 | O67: 0.040816327 | P67: 0.040816327 | Q67: 0.040816327 | R67: 0.040816327 | S67: 0.040816327 | T67: 0.030612245 | U67: 0.051020408 | V67: 0.040816327
B68: Recall | C68: NaN | D68: NaN | E68: NaN | F68: NaN | G68: NaN | H68: NaN | I68: NaN | J68: NaN | K68: NaN | L68: NaN | M68: NaN | N68: 0 | O68: 0.08 | P68: 0.12903226 | Q68: 0.08 | R68: 0.11428571 | S68: 0.088888889 | T68: 0.046875 | U68: 0.11627907 | V68: 0.088888889
B69: F1 | C69: 0 | D69: 0 | E69: 0 | F69: 0 | G69: 0 | H69: 0 | I69: 0 | J69: 0 | K69: 0 | L69: 0 | M69: 0 | N69: 0 | O69: 0.054054054 | P69: 0.062015504 | Q69: 0.054054054 | R69: 0.060150376 | S69: 0.055944056 | T69: 0.037037037 | U69: 0.070921986 | V69: 0.055944056
B70: Accuracy | C70: 0.99666791 | D70: 0.99666791 | E70: 0.99666791 | F70: 0.99666791 | G70: 0.99666791 | H70: 0.99666791 | I70: 0.99666791 | J70: 0.99666791 | K70: 0.99666791 | L70: 0.99666791 | M70: 0.99666791 | N70: 0.9962259 | O70: 0.99523988 | P70: 0.99588589 | Q70: 0.99523988 | R70: 0.99574989 | S70: 0.99540988 | T70: 0.99469586 | U70: 0.99554588 | V70: 0.99540988
A73: protest | B73: True Positive | C73: 0 | D73: 0 | E73: 0 | F73: 1 | G73: 8 | H73: 19 | I73: 34 | J73: 56 | K73: 58 | L73: 62 | M73: 68 | N73: 64 | O73: 63 | P73: 63 | Q73: 63 | R73: 60 | S73: 60 | T73: 66 | U73: 60 | V73: 58
B74: True Negative | C74: 29273 | D74: 29273 | E74: 29273 | F74: 29273 | G74: 29272 | H74: 29269 | I74: 29268 | J74: 29266 | K74: 29267 | L74: 29259 | M74: 29254 | N74: 29257 | O74: 29258 | P74: 29261 | Q74: 29258 | R74: 29262 | S74: 29260 | T74: 29256 | U74: 29257 | V74: 29261
B75: False Positive | C75: 138 | D75: 138 | E75: 138 | F75: 137 | G75: 130 | H75: 119 | I75: 104 | J75: 82 | K75: 80 | L75: 76 | M75: 70 | N75: 74 | O75: 75 | P75: 75 | Q75: 75 | R75: 78 | S75: 78 | T75: 72 | U75: 78 | V75: 80
B76: False Negative | C76: 0 | D76: 0 | E76: 0 | F76: 0 | G76: 1 | H76: 4 | I76: 5 | J76: 7 | K76: 6 | L76: 14 | M76: 19 | N76: 16 | O76: 15 | P76: 12 | Q76: 15 | R76: 11 | S76: 13 | T76: 17 | U76: 16 | V76: 12
B77: Precision | C77: 0 | D77: 0 | E77: 0 | F77: 0.0072463768 | G77: 0.057971014 | H77: 0.13768116 | I77: 0.24637681 | J77: 0.4057971 | K77: 0.42028986 | L77: 0.44927536 | M77: 0.49275362 | N77: 0.46376812 | O77: 0.45652174 | P77: 0.45652174 | Q77: 0.45652174 | R77: 0.43478261 | S77: 0.43478261 | T77: 0.47826087 | U77: 0.43478261 | V77: 0.42028986
B78: Recall | C78: NaN | D78: NaN | E78: NaN | F78: 1 | G78: 0.88888889 | H78: 0.82608696 | I78: 0.87179487 | J78: 0.88888889 | K78: 0.90625 | L78: 0.81578947 | M78: 0.7816092 | N78: 0.8 | O78: 0.80769231 | P78: 0.84 | Q78: 0.80769231 | R78: 0.84507042 | S78: 0.82191781 | T78: 0.79518072 | U78: 0.78947368 | V78: 0.82857143
B79: F1 | C79: 0 | D79: 0 | E79: 0 | F79: 0.014388489 | G79: 0.10884354 | H79: 0.23602484 | I79: 0.38418079 | J79: 0.55721393 | K79: 0.57425743 | L79: 0.57943925 | M79: 0.60444444 | N79: 0.58715596 | O79: 0.58333333 | P79: 0.5915493 | Q79: 0.58333333 | R79: 0.57416268 | S79: 0.56872038 | T79: 0.59728507 | U79: 0.56074766 | V79: 0.55769231
B80: Accuracy | C80: 0.99530788 | D80: 0.99530788 | E80: 0.99530788 | F80: 0.99534188 | G80: 0.99554588 | H80: 0.99581789 | I80: 0.9962939 | J80: 0.99697392 | K80: 0.99707592 | L80: 0.99693992 | M80: 0.99697392 | N80: 0.99693992 | O80: 0.99693992 | P80: 0.99704192 | Q80: 0.99693992 | R80: 0.99697392 | S80: 0.99690592 | T80: 0.99697392 | U80: 0.99680392 | V80: 0.99687192
A83: sports | B83: True Positive | C83: 0 | D83: 0 | E83: 0 | F83: 0 | G83: 0 | H83: 0 | I83: 0 | J83: 0 | K83: 0 | L83: 0 | M83: 2 | N83: 8 | O83: 17 | P83: 10 | Q83: 17 | R83: 12 | S83: 16 | T83: 14 | U83: 17 | V83: 16
B84: True Negative | C84: 29208 | D84: 29208 | E84: 29208 | F84: 29208 | G84: 29208 | H84: 29208 | I84: 29208 | J84: 29207 | K84: 29207 | L84: 29204 | M84: 29202 | N84: 29192 | O84: 29106 | P84: 29167 | Q84: 29106 | R84: 29144 | S84: 29137 | T84: 29100 | U84: 29131 | V84: 29134
B85: False Positive | C85: 203 | D85: 203 | E85: 203 | F85: 203 | G85: 203 | H85: 203 | I85: 203 | J85: 203 | K85: 203 | L85: 203 | M85: 201 | N85: 195 | O85: 186 | P85: 193 | Q85: 186 | R85: 191 | S85: 187 | T85: 189 | U85: 186 | V85: 187
B86: False Negative | C86: 0 | D86: 0 | E86: 0 | F86: 0 | G86: 0 | H86: 0 | I86: 0 | J86: 1 | K86: 1 | L86: 4 | M86: 6 | N86: 16 | O86: 102 | P86: 41 | Q86: 102 | R86: 64 | S86: 71 | T86: 108 | U86: 77 | V86: 74
B87: Precision | C87: 0 | D87: 0 | E87: 0 | F87: 0 | G87: 0 | H87: 0 | I87: 0 | J87: 0 | K87: 0 | L87: 0 | M87: 0.0098522167 | N87: 0.039408867 | O87: 0.083743842 | P87: 0.049261084 | Q87: 0.083743842 | R87: 0.0591133 | S87: 0.078817734 | T87: 0.068965517 | U87: 0.083743842 | V87: 0.078817734
B88: Recall | C88: NaN | D88: NaN | E88: NaN | F88: NaN | G88: NaN | H88: NaN | I88: NaN | J88: 0 | K88: 0 | L88: 0 | M88: 0.25 | N88: 0.33333333 | O88: 0.14285714 | P88: 0.19607843 | Q88: 0.14285714 | R88: 0.15789474 | S88: 0.18390805 | T88: 0.1147541 | U88: 0.18085106 | V88: 0.17777778
B89: F1 | C89: 0 | D89: 0 | E89: 0 | F89: 0 | G89: 0 | H89: 0 | I89: 0 | J89: 0 | K89: 0 | L89: 0 | M89: 0.018957346 | N89: 0.070484581 | O89: 0.10559006 | P89: 0.078740157 | Q89: 0.10559006 | R89: 0.086021505 | S89: 0.11034483 | T89: 0.086153846 | U89: 0.11447811 | V89: 0.10921502
B90: Accuracy | C90: 0.99309782 | D90: 0.99309782 | E90: 0.99309782 | F90: 0.99309782 | G90: 0.99309782 | H90: 0.99309782 | I90: 0.99309782 | J90: 0.99306382 | K90: 0.99306382 | L90: 0.99296182 | M90: 0.99296182 | N90: 0.99282581 | O90: 0.99020775 | P90: 0.99204379 | Q90: 0.99020775 | R90: 0.99132977 | S90: 0.99122777 | T90: 0.98990174 | U90: 0.99105777 | V90: 0.99112577
A94: MULTI RESAMPLED
B96: 1 | C96: 2 | D96: 3 | E96: 4 | F96: 5 | G96: 6 | H96: 7 | I96: 8 | J96: 9 | K96: 10 | L96: 11 | M96: 12 | N96: 13 | O96: 14 | P96: 15 | Q96: 16 | R96: 17 | S96: 18 | T96: 19 | U96: 20 | V96: 21 | W96: 22 | X96: 23 | Y96: 24 | Z96: 25 | AA96: 26 | AB96: 27 | AC96: 28
B97: 962 | C97: 153 | D97: 450 | E97: 707 | F97: 1042 | G97: 437 | H97: 96 | I97: 358 | J97: 138 | K97: 294 | L97: 533 | M97: 54 | N97: 1204 | O97: 1446 | P97: 844 | Q97: 1555 | R97: 1238 | S97: 244 | T97: 261 | U97: 104 | V97: 1180 | W97: 1001 | X97: 1606 | Y97: 84 | Z97: 97 | AA97: 584 | AB97: 53 | AC97: 266
B98: 16262 | C98: 25890 | D98: 21325 | E98: 18687 | F98: 20160 | G98: 21715 | H98: 25973 | I98: 24714 | J98: 26095 | K98: 24840 | L98: 23611 | M98: 26470 | N98: 11589 | O98: 12999 | P98: 14997 | Q98: 10491 | R98: 16475 | S98: 23043 | T98: 24582 | U98: 26272 | V98: 11152 | W98: 18576 | X98: 11527 | Y98: 26442 | Z98: 25937 | AA98: 20618 | AB98: 26570 | AC98: 25074
B99: 1763 | C99: 2572 | D99: 2275 | E99: 2018 | F99: 1683 | G99: 2288 | H99: 2629 | I99: 2367 | J99: 2587 | K99: 2431 | L99: 2192 | M99: 2671 | N99: 1521 | O99: 1279 | P99: 1881 | Q99: 1170 | R99: 1487 | S99: 2481 | T99: 2464 | U99: 2621 | V99: 1545 | W99: 1724 | X99: 1119 | Y99: 2641 | Z99: 2628 | AA99: 2141 | AB99: 2672 | AC99: 2459
B100: 10424 | C100: 796 | D100: 5361 | E100: 7999 | F100: 6526 | G100: 4971 | H100: 713 | I100: 1972 | J100: 591 | K100: 1846 | L100: 3075 | M100: 216 | N100: 15097 | O100: 13687 | P100: 11689 | Q100: 16195 | R100: 10211 | S100: 3643 | T100: 2104 | U100: 414 | V100: 15534 | W100: 8110 | X100: 15159 | Y100: 244 | Z100: 749 | AA100: 6068 | AB100: 116 | AC100: 1612
A101: Pre | B101: 0.35302752 | C101: 0.056146789 | D101: 0.16513761 | E101: 0.25944954 | F101: 0.38238532 | G101: 0.16036697 | H101: 0.035229358 | I101: 0.13137615 | J101: 0.050642202 | K101: 0.10788991 | L101: 0.19559633 | M101: 0.019816514 | N101: 0.44183486 | O101: 0.5306422 | P101: 0.30972477 | Q101: 0.5706422 | R101: 0.45431193 | S101: 0.089541284 | T101: 0.095779817 | U101: 0.038165138 | V101: 0.43302752 | W101: 0.36733945 | X101: 0.5893578 | Y101: 0.030825688 | Z101: 0.03559633 | AA101: 0.21431193 | AB101: 0.019449541 | AC101: 0.097614679
A102: Rec | B102: 0.084489724 | C102: 0.16122234 | D102: 0.077439339 | E102: 0.081208362 | F102: 0.13768499 | G102: 0.080806213 | H102: 0.11866502 | I102: 0.15364807 | J102: 0.18930041 | K102: 0.13738318 | L102: 0.14772727 | M102: 0.2 | N102: 0.073860499 | O102: 0.095552765 | P102: 0.067342217 | Q102: 0.087605634 | R102: 0.10813171 | S102: 0.062773347 | T102: 0.11035941 | U102: 0.2007722 | V102: 0.070599497 | W102: 0.10986719 | X102: 0.095794811 | Y102: 0.25609756 | Z102: 0.11465721 | AA102: 0.087793145 | AB102: 0.31360947 | AC102: 0.14164004
A103: F1 | B103: 0.13634753 | C103: 0.08328797 | D103: 0.1054358 | E103: 0.12369871 | F103: 0.2024677 | G103: 0.10746342 | H103: 0.054329372 | I103: 0.14164194 | J103: 0.079907354 | K103: 0.12086331 | L103: 0.16832465 | M103: 0.0360601 | N103: 0.12656365 | O103: 0.16194423 | P103: 0.11063049 | Q103: 0.15189255 | R103: 0.17468604 | S103: 0.073805203 | T103: 0.10255403 | U103: 0.064138144 | V103: 0.12140542 | W103: 0.16914498 | X103: 0.16480246 | Y103: 0.055027841 | Z103: 0.054326519 | AA103: 0.12456009 | AB103: 0.036627505 | AC103: 0.1155768
A104: ACC | B104: 0.58563123 | C104: 0.88548502 | D104: 0.74036925 | E104: 0.65941314 | F104: 0.72088674 | G104: 0.75318758 | H104: 0.88636905 | I104: 0.85247016 | J104: 0.89194519 | K104: 0.85457822 | L104: 0.82091734 | M104: 0.90183945 | N104: 0.43497331 | O104: 0.49114277 | P104: 0.538608 | Q104: 0.40957465 | R104: 0.60225766 | S104: 0.79177859 | T104: 0.84468396 | U104: 0.89680732 | V104: 0.4192989 | W104: 0.66563531 | X104: 0.44653361 | Y104: 0.90190745 | Z104: 0.88517901 | AA104: 0.72088674 | AB104: 0.90520554 | AC104: 0.8615824
